local_date,target_max_temp,temperature_2m_min,temperature_2m_max,temperature_2m_mean,relative_humidity_2m_mean,wind_speed_10m_mean,wind_speed_10m_max,precipitation_sum,cloud_cover_mean
2024-01-01,8.0,2.1,7.4,4.033333333333333,86.79166666666667,0.8250000000000001,1.39,0.0,64.70833333333333
2024-01-02,8.0,3.5,6.7,5.220833333333333,77.91666666666667,1.25,2.46,2.3,92.16666666666667
2024-01-03,9.0,4.5,8.2,6.2250000000000005,80.66666666666667,2.1554166666666665,4.18,0.8999999999999999,89.29166666666667
2024-01-04,8.0,4.9,7.0,6.316666666666666,91.25,1.5725,2.92,1.2000000000000002,99.20833333333333
2024-01-05,8.0,4.0,7.5,6.0249999999999995,84.25,4.36125,5.79,3.8,91.16666666666667
2024-01-06,6.0,2.5,6.2,4.620833333333334,91.04166666666667,2.10125,6.18,9.9,88.25
2024-01-07,5.0,1.7,5.0,3.1041666666666665,88.83333333333333,0.8108333333333334,1.75,0.1,89.33333333333333
2024-01-08,9.0,2.4,8.3,4.020833333333333,91.58333333333333,2.3320833333333333,6.94,9.7,99.79166666666667
2024-01-09,8.0,3.4,8.5,5.345833333333334,82.5,6.210416666666667,9.58,5.8,99.79166666666667
2024-01-10,4.0,1.5,4.4,2.7416666666666667,91.45833333333333,2.392916666666667,4.89,1.7000000000000002,92.79166666666667
2024-01-11,7.0,-2.6,5.1,1.5999999999999999,83.625,3.0379166666666664,4.85,0.4,91.83333333333333
2024-01-12,-4.0,-9.5,-3.3,-6.8374999999999995,64.66666666666667,4.22125,5.9,0.0,66.75
2024-01-13,-6.0,-10.0,-5.0,-7.6875,47.291666666666664,2.3658333333333332,3.14,0.0,63.0
2024-01-14,-1.0,-9.2,-1.4,-5.5249999999999995,49.416666666666664,1.175,2.06,0.0,61.083333333333336
2024-01-15,3.0,-5.8,2.2,-2.625,48.208333333333336,2.08875,2.79,0.0,44.333333333333336
2024-01-16,2.0,-4.8,2.3,-1.5125,51.625,1.0062499999999999,1.78,2.5,77.625
2024-01-17,4.0,-0.5,2.0,0.6458333333333334,92.25,1.4029166666666668,3.89,8.5,100.0
2024-01-18,3.0,1.0,4.7,2.775,83.04166666666667,3.28,5.12,21.18,96.0
2024-01-19,8.0,2.8,7.5,4.358333333333333,75.41666666666667,2.3433333333333333,4.22,3.3000000000000003,99.70833333333333
2024-01-20,9.0,1.9,8.7,4.8875,81.54166666666667,1.9904166666666667,3.89,4.6,80.04166666666667
2024-01-21,8.0,5.7,8.6,6.708333333333333,83.58333333333333,2.1908333333333334,3.35,9.8,99.625
2024-01-22,11.0,5.6,9.4,7.6499999999999995,86.54166666666667,2.8083333333333336,6.36,15.700000000000001,97.375
2024-01-23,11.0,5.3,9.6,8.179166666666667,87.91666666666667,3.1620833333333334,5.8,0.0,75.0
2024-01-24,11.0,5.0,9.9,6.970833333333334,83.20833333333333,2.8870833333333334,5.01,1.5,93.20833333333333
2024-01-25,11.0,6.2,9.7,7.604166666666667,85.04166666666667,3.58375,5.37,2.9000000000000004,94.41666666666667
2024-01-26,12.0,6.4,10.1,8.020833333333334,81.79166666666667,1.7283333333333333,2.55,6.2,99.91666666666667
2024-01-27,13.0,9.0,12.6,10.720833333333333,88.625,3.403333333333333,6.34,12.6,100.0
2024-01-28,16.0,11.2,15.0,12.966666666666667,85.25,3.0258333333333334,5.41,9.9,98.04166666666667
2024-01-29,16.0,11.4,15.5,12.795833333333334,74.08333333333333,1.79875,3.6,0.0,81.54166666666667
2024-01-30,16.0,10.6,14.3,12.112499999999999,72.375,2.1266666666666665,4.5,1.1,95.125
2024-01-31,14.0,9.5,13.9,11.816666666666668,76.54166666666667,2.6750000000000003,6.65,1.6,99.29166666666667
2024-02-01,14.0,8.1,12.8,10.283333333333333,81.45833333333333,2.472916666666667,3.75,0.0,85.5
2024-02-02,12.0,5.8,11.1,8.245833333333334,76.83333333333333,1.5370833333333334,2.66,0.4,50.416666666666664
2024-02-03,11.0,2.9,9.4,5.6875,82.20833333333333,1.14,1.82,0.0,66.54166666666667
2024-02-04,10.0,3.9,8.7,5.829166666666667,85.75,3.3295833333333333,5.57,0.0,69.08333333333333
2024-02-05,7.0,4.0,6.8,5.2124999999999995,85.70833333333333,3.3095833333333338,4.7,1.2000000000000002,96.0
2024-02-06,7.0,4.6,6.9,5.325,92.70833333333333,0.98,1.94,4.0,92.08333333333333
2024-02-07,9.0,3.0,8.1,5.220833333333333,82.0,1.6633333333333333,2.71,0.0,52.625
2024-02-08,7.0,4.0,7.1,5.358333333333333,82.29166666666667,1.3520833333333335,2.5,0.0,83.70833333333333
2024-02-09,8.0,2.0,7.7,4.625,83.08333333333333,1.1216666666666668,2.25,1.2,62.041666666666664
2024-02-10,9.0,1.1,9.4,4.9750000000000005,73.16666666666667,0.96125,1.51,0.0,37.333333333333336
2024-02-11,11.0,5.1,10.5,7.266666666666667,84.08333333333333,2.7108333333333334,5.04,4.9,99.66666666666667
2024-02-12,8.0,5.7,7.9,6.7749999999999995,92.20833333333333,2.4425,5.17,1.9,100.0
2024-02-13,9.0,3.4,8.1,5.8374999999999995,87.0,1.9841666666666666,3.2,0.0,87.75
2024-02-14,9.0,2.5,8.2,4.6875,67.08333333333333,2.4575,4.05,0.5,74.0
2024-02-15,6.0,1.9,5.2,3.3166666666666664,79.45833333333333,2.17375,5.0,3.4,79.0
2024-02-16,9.0,0.5,8.9,4.245833333333334,48.583333333333336,2.3454166666666665,4.02,0.0,34.916666666666664
2024-02-17,11.0,3.0,11.4,6.220833333333334,41.666666666666664,2.907916666666667,3.97,0.0,55.625
2024-02-18,9.0,5.6,8.4,6.941666666666666,69.04166666666667,1.6837499999999999,3.4,0.0,89.125
2024-02-19,9.0,4.5,8.3,6.183333333333334,80.41666666666667,1.7595833333333333,3.61,0.0,63.958333333333336
2024-02-20,12.0,4.7,12.1,8.225,86.04166666666667,1.2845833333333332,2.26,0.2,95.45833333333333
2024-02-21,10.0,7.1,9.9,8.0875,87.875,2.1491666666666664,3.77,6.300000000000001,97.83333333333333
2024-02-22,13.0,5.4,12.4,8.25,76.125,1.8,3.13,0.0,15.708333333333334
2024-02-23,11.0,2.3,10.3,5.941666666666666,83.16666666666667,1.1975,2.31,0.0,37.75
2024-02-24,9.0,5.0,9.3,7.175,85.66666666666667,2.545,4.57,0.0,99.95833333333333
2024-02-25,9.0,3.8,8.5,7.266666666666667,86.91666666666667,5.576666666666667,7.82,4.7,99.91666666666667
2024-02-26,6.0,0.1,5.8,2.6,83.875,2.1633333333333336,3.47,1.0,89.25
2024-02-27,8.0,-0.6,6.0,2.6666666666666665,85.04166666666667,2.2358333333333333,5.33,1.0,74.5
2024-02-28,10.0,6.2,9.4,7.716666666666666,84.75,5.884166666666666,7.19,17.0,99.875
2024-02-29,6.0,1.3,4.9,3.2708333333333335,91.66666666666667,3.7075,5.0,12.299999999999999,99.0
2024-03-01,5.0,1.5,5.0,2.8708333333333336,86.375,2.6404166666666664,5.28,5.2,92.625
2024-03-02,6.0,1.0,5.0,2.9499999999999997,84.33333333333333,2.93375,5.11,1.4,81.20833333333333
2024-03-03,6.0,1.0,4.8,2.5375,84.20833333333333,3.8375,6.1,3.6,83.95833333333333
2024-03-04,7.0,0.2,6.4,2.8833333333333333,84.08333333333333,2.9587499999999998,4.83,2.5,94.25
2024-03-05,7.0,0.0,6.2,2.125,79.79166666666667,1.8783333333333332,3.58,0.0,44.583333333333336
2024-03-06,6.0,-2.4,5.7,1.7083333333333333,70.16666666666667,1.2854166666666667,2.5,0.0,26.458333333333332
2024-03-07,8.0,-2.3,7.8,2.8625000000000003,66.75,0.9654166666666667,1.6,0.0,13.25
2024-03-08,11.0,1.9,11.3,6.183333333333334,60.25,1.2645833333333334,2.33,0.0,87.08333333333333
2024-03-09,12.0,5.7,9.4,7.054166666666667,65.45833333333333,3.6454166666666663,7.84,0.0,97.5
2024-03-10,10.0,6.1,8.5,7.134782608695652,76.08695652173913,4.285652173913043,8.74,1.5999999999999999,99.52173913043478
2024-03-11,9.0,4.6,9.5,6.904166666666666,81.58333333333333,3.1358333333333337,5.26,1.4000000000000001,87.08333333333333
2024-03-12,9.0,3.8,8.4,6.558333333333334,81.875,4.351249999999999,6.07,9.4,85.125
2024-03-13,11.0,3.0,10.1,5.704166666666667,75.75,1.6008333333333333,3.32,0.0,63.125
2024-03-14,14.0,1.3,12.4,6.25,69.91666666666667,1.7300000000000002,3.13,0.0,1.875
2024-03-15,16.0,4.4,15.9,9.262500000000001,71.58333333333333,3.3216666666666668,4.83,0.0,11.708333333333334
2024-03-16,23.0,6.4,22.2,13.2875,60.208333333333336,1.9608333333333334,3.53,0.0,1.2083333333333333
2024-03-17,21.0,7.7,21.2,13.666666666666666,56.125,1.8391666666666666,2.79,0.0,0.041666666666666664
2024-03-18,18.0,7.0,18.8,12.133333333333333,67.625,2.2670833333333333,3.01,0.0,18.25
2024-03-19,17.0,5.5,17.7,10.904166666666667,71.875,1.8012499999999998,3.98,0.0,5.958333333333333
2024-03-20,11.0,6.8,10.5,8.470833333333333,79.66666666666667,2.3741666666666665,3.8,0.4,99.66666666666667
2024-03-21,13.0,7.0,13.3,9.862499999999999,85.95833333333333,1.6450000000000002,2.62,0.1,86.875
2024-03-22,12.0,7.4,11.8,9.645833333333334,88.83333333333333,1.4520833333333334,3.61,0.8,91.0
2024-03-23,11.0,6.6,10.8,8.866666666666667,88.25,1.8479166666666667,3.26,1.7000000000000002,91.79166666666667
2024-03-24,14.0,6.5,13.9,9.549999999999999,76.625,1.9520833333333334,4.39,0.0,77.95833333333333
2024-03-25,11.0,6.3,10.1,8.179166666666667,80.0,3.23625,4.7,0.30000000000000004,75.54166666666667
2024-03-26,12.0,6.4,12.6,8.670833333333333,74.41666666666667,2.9562500000000003,5.23,0.0,64.75
2024-03-27,12.0,5.7,11.4,7.6875,82.375,2.6941666666666664,5.0,5.2,84.08333333333333
2024-03-28,11.0,4.4,11.2,7.3125,78.625,2.5933333333333333,5.44,1.5999999999999999,95.375
2024-03-29,14.0,5.0,14.0,8.979166666666666,69.66666666666667,2.09875,4.62,0.0,39.916666666666664
2024-03-30,14.0,3.7,14.2,8.695833333333333,72.0,2.35125,3.91,0.0,40.041666666666664
2024-03-31,16.0,3.8,15.6,9.408333333333333,63.458333333333336,1.9779166666666665,3.9,0.0,23.416666666666668
2024-04-01,16.0,4.6,16.1,10.275,68.79166666666667,1.82625,2.77,0.0,17.125
2024-04-02,19.0,7.7,19.0,12.233333333333333,74.54166666666667,3.3470833333333334,5.49,0.0,57.416666666666664
2024-04-03,11.0,4.3,11.4,7.441666666666666,71.125,2.8204166666666666,3.89,0.7999999999999999,51.833333333333336
2024-04-04,8.0,3.8,7.5,5.4624999999999995,77.95833333333333,2.341666666666667,3.6,0.0,79.33333333333333
2024-04-05,10.0,3.9,10.3,6.804166666666667,77.29166666666667,2.11125,3.0,0.0,65.20833333333333
2024-04-06,8.0,5.0,8.1,6.770833333333333,79.83333333333333,3.12875,4.83,0.1,75.70833333333333
2024-04-07,11.0,5.0,11.1,7.908333333333334,77.25,2.981666666666667,4.19,0.0,67.45833333333333
2024-04-08,12.0,4.6,11.1,7.458333333333333,79.54166666666667,3.780416666666667,5.92,3.1999999999999997,82.625
2024-04-09,13.0,7.4,12.4,9.804166666666667,77.625,3.0437499999999997,5.88,2.2,72.0
2024-04-10,14.0,3.9,14.6,9.333333333333334,62.25,1.7258333333333333,2.6,0.0,52.916666666666664
2024-04-11,13.0,5.4,12.6,8.799999999999999,72.83333333333333,2.14875,3.47,0.0,92.875
2024-04-12,13.0,6.6,13.6,9.8125,76.16666666666667,3.36375,6.81,0.0,53.958333333333336
2024-04-13,17.0,5.7,16.2,10.383333333333333,72.5,2.4479166666666665,3.64,0.0,36.583333333333336
2024-04-14,18.0,6.2,18.7,11.762500000000001,63.916666666666664,2.2395833333333335,4.72,0.0,18.041666666666668
2024-04-15,13.0,7.1,12.9,9.220833333333333,68.91666666666667,2.732083333333333,4.47,0.0,95.125
2024-04-16,12.0,4.5,11.7,7.495833333333334,63.083333333333336,2.1704166666666667,3.61,0.0,66.0
2024-04-17,15.0,1.4,14.4,8.070833333333333,58.291666666666664,2.1245833333333333,3.92,0.0,2.9583333333333335
2024-04-18,18.0,2.5,17.0,10.070833333333333,52.666666666666664,3.1391666666666667,6.61,0.0,0.7916666666666666
2024-04-19,19.0,5.5,19.8,12.904166666666667,38.75,2.765833333333333,4.49,0.0,0.125
2024-04-20,21.0,8.1,22.1,12.904166666666667,42.083333333333336,3.6045833333333337,7.22,0.2,34.625
2024-04-21,13.0,5.3,13.2,9.020833333333334,71.16666666666667,2.8995833333333336,4.89,0.0,54.625
2024-04-22,16.0,5.0,15.5,10.079166666666667,66.20833333333333,3.1983333333333337,4.85,0.0,32.958333333333336
2024-04-23,21.0,6.7,21.1,13.275,56.0,2.0341666666666667,3.4,0.0,45.875
2024-04-24,12.0,7.1,11.6,9.1875,77.45833333333333,2.597916666666667,4.43,0.7,98.375
2024-04-25,12.0,8.5,11.3,9.883333333333333,91.375,3.0170833333333333,4.61,7.6,99.91666666666667
2024-04-26,16.0,9.1,15.6,11.379166666666668,83.25,2.384583333333333,4.21,0.5,83.41666666666667
2024-04-27,11.0,8.1,10.6,9.516666666666667,85.625,3.651666666666667,4.58,1.1,99.91666666666667
2024-04-28,11.0,6.0,10.9,8.5375,82.95833333333333,4.1970833333333335,4.92,0.0,88.75
2024-04-29,11.0,4.0,10.5,6.8999999999999995,78.66666666666667,2.091666666666667,4.1,3.7,79.5
2024-04-30,13.0,4.5,11.9,7.5125,73.75,1.7220833333333332,3.31,0.2,72.25
2024-05-01,14.0,3.0,14.7,8.795833333333333,67.33333333333333,2.1183333333333336,3.5,0.0,50.333333333333336
2024-05-02,18.0,4.3,18.2,11.424999999999999,61.291666666666664,2.4208333333333334,4.01,0.0,13.916666666666666
2024-05-03,18.0,6.4,18.8,12.595833333333333,62.666666666666664,2.045,4.11,0.0,54.958333333333336
2024-05-04,13.0,9.8,13.4,10.966666666666667,87.16666666666667,2.6916666666666664,5.68,0.9,99.41666666666667
2024-05-05,10.0,7.9,9.9,8.816666666666666,91.0,4.252916666666667,6.36,1.7999999999999998,99.83333333333333
2024-05-06,12.0,7.1,11.6,9.108333333333333,81.16666666666667,4.097916666666666,5.86,1.8,90.45833333333333
2024-05-07,15.0,4.8,14.2,9.604166666666666,71.08333333333333,1.8808333333333334,3.14,0.0,68.45833333333333
2024-05-08,18.0,4.9,17.5,11.295833333333334,59.791666666666664,2.29,5.22,0.0,9.0
2024-05-09,23.0,6.6,22.7,15.329166666666666,59.458333333333336,3.079166666666667,5.36,0.0,2.0416666666666665
2024-05-10,29.0,11.1,28.4,20.0125,47.916666666666664,2.045,3.05,0.0,0.4166666666666667
2024-05-11,28.0,12.9,28.2,20.849999999999998,45.708333333333336,1.7045833333333336,3.64,0.0,4.583333333333333
2024-05-12,24.0,11.1,23.8,17.716666666666665,56.75,2.3337499999999998,4.48,0.0,6.958333333333333
2024-05-13,17.0,10.9,16.4,13.75,74.54166666666667,1.8620833333333333,3.62,0.0,65.41666666666667
2024-05-14,21.0,9.1,21.0,14.979166666666666,62.541666666666664,2.67,4.22,0.0,16.041666666666668
2024-05-15,23.0,10.7,23.3,16.912499999999998,59.583333333333336,1.66875,2.72,0.0,41.041666666666664
2024-05-16,17.0,10.3,16.6,12.816666666666668,80.33333333333333,4.06,7.99,0.0,75.16666666666667
2024-05-17,17.0,7.4,16.3,11.795833333333334,63.041666666666664,3.4795833333333337,4.66,0.0,65.04166666666667
2024-05-18,13.0,7.8,12.4,9.674999999999999,79.54166666666667,1.6254166666666665,2.61,0.6000000000000001,93.125
2024-05-19,17.0,5.9,16.0,10.829166666666666,74.04166666666667,1.72875,3.13,0.0,58.5
2024-05-20,17.0,6.5,17.8,12.079166666666666,70.83333333333333,1.9429166666666668,2.63,0.0,30.5
2024-05-21,11.0,7.5,10.8,9.512500000000001,88.70833333333333,3.8766666666666665,6.02,11.5,88.04166666666667
2024-05-22,15.0,7.1,14.3,10.658333333333333,73.29166666666667,2.754583333333333,7.64,0.0,80.5
2024-05-23,16.0,8.4,15.8,11.904166666666667,72.66666666666667,2.77125,3.83,0.0,58.708333333333336
2024-05-24,14.0,8.3,13.6,10.645833333333334,80.41666666666667,2.5845833333333332,4.6,1.3,76.54166666666667
2024-05-25,16.0,8.5,14.0,10.704166666666666,73.75,4.28125,6.67,0.0,85.95833333333333
2024-05-26,14.0,9.2,13.9,11.0625,81.54166666666667,2.9033333333333338,3.96,0.8,99.375
2024-05-27,19.0,10.4,19.0,14.208333333333334,70.95833333333333,2.2566666666666664,3.08,0.0,89.83333333333333
2024-05-28,14.0,9.6,14.3,11.825000000000001,77.41666666666667,2.5775,5.24,0.2,80.91666666666667
2024-05-29,16.0,7.8,14.1,10.720833333333333,80.91666666666667,2.6683333333333334,5.37,8.1,83.83333333333333
2024-05-30,17.0,8.3,16.5,11.6875,71.33333333333333,2.124166666666667,3.1,0.0,59.291666666666664
2024-05-31,21.0,6.5,20.9,13.958333333333334,59.208333333333336,2.1,2.92,0.0,34.0
2024-06-01,17.0,11.2,17.8,14.404166666666667,68.91666666666667,2.0575,2.92,0.1,67.83333333333333
2024-06-02,15.0,11.9,14.5,13.329166666666666,88.54166666666667,2.8708333333333336,6.71,7.8,99.95833333333333
2024-06-03,14.0,9.8,13.6,11.641666666666666,84.70833333333333,5.307916666666666,7.13,19.599999999999998,91.33333333333333
2024-06-04,16.0,9.4,15.1,11.679166666666667,81.70833333333333,4.276666666666666,5.92,4.3,77.95833333333333
2024-06-05,19.0,8.2,17.9,12.725,69.16666666666667,1.755,2.9,0.0,42.291666666666664
2024-06-06,22.0,8.8,20.7,14.729166666666666,62.958333333333336,2.48875,3.41,0.0,23.416666666666668
2024-06-07,24.0,9.7,23.9,17.150000000000002,55.083333333333336,2.670833333333333,3.81,0.0,0.4583333333333333
2024-06-08,25.0,12.1,25.8,19.516666666666666,50.666666666666664,1.3770833333333332,2.41,0.0,17.291666666666668
2024-06-09,21.0,11.2,21.4,15.9375,74.5,2.6683333333333334,4.11,0.0,28.5
2024-06-10,21.0,9.5,20.2,14.262500000000001,76.25,2.1354166666666665,3.11,0.0,89.875
2024-06-11,19.0,12.3,18.4,14.666666666666666,67.0,3.80125,7.75,0.1,38.916666666666664
2024-06-12,19.0,9.0,18.8,13.829166666666666,60.583333333333336,2.68,3.81,0.0,41.208333333333336
2024-06-13,19.0,8.4,20.3,14.674999999999999,59.208333333333336,2.1233333333333335,2.83,0.0,61.125
2024-06-14,17.0,8.7,16.7,12.762500000000001,71.125,3.1979166666666665,4.76,0.0,77.41666666666667
2024-06-15,15.0,9.4,14.1,11.387500000000001,76.625,4.306666666666667,5.94,0.0,86.5
2024-06-16,17.0,7.8,16.7,11.9125,70.0,2.200416666666667,4.32,0.0,54.166666666666664
2024-06-17,16.0,9.6,15.9,12.262500000000001,76.83333333333333,1.95875,3.19,0.39999999999999997,90.625
2024-06-18,19.0,9.5,19.9,13.933333333333332,68.875,2.0170833333333333,3.35,0.0,62.791666666666664
2024-06-19,26.0,10.3,25.2,17.520833333333332,59.708333333333336,2.4945833333333334,3.37,0.0,5.791666666666667
2024-06-20,28.0,13.6,27.6,20.529166666666665,50.208333333333336,2.6991666666666667,4.12,0.0,3.625
2024-06-21,29.0,14.7,29.0,21.941666666666666,45.416666666666664,1.6841666666666668,2.76,0.0,13.583333333333334
2024-06-22,23.0,13.6,23.0,17.900000000000002,65.70833333333333,2.56,3.79,0.0,44.75
2024-06-23,19.0,12.3,18.8,15.604166666666666,72.16666666666667,3.9766666666666666,5.52,0.0,48.666666666666664
2024-06-24,21.0,11.1,20.8,15.529166666666667,69.79166666666667,2.0770833333333334,3.76,0.0,48.958333333333336
2024-06-25,26.0,10.9,25.4,18.395833333333332,59.166666666666664,2.3925,3.34,0.0,9.291666666666666
2024-06-26,19.0,13.6,18.8,16.150000000000002,73.70833333333333,3.4933333333333336,5.94,0.0,78.16666666666667
2024-06-27,18.0,12.5,17.3,14.329166666666666,83.58333333333333,2.8329166666666663,3.97,0.1,97.45833333333333
2024-06-28,22.0,12.1,21.0,16.166666666666668,70.79166666666667,1.505,2.37,0.0,63.458333333333336
2024-06-29,23.0,13.4,23.4,18.320833333333333,65.58333333333333,1.7820833333333332,2.78,0.0,63.208333333333336
2024-06-30,24.0,15.4,23.9,18.808333333333334,75.83333333333333,2.1141666666666667,3.42,0.0,72.125
2024-07-01,24.0,16.2,23.8,19.041666666666668,71.33333333333333,1.3304166666666666,2.62,0.0,74.95833333333333
2024-07-02,21.0,12.0,21.2,16.254166666666666,73.04166666666667,1.98375,2.86,0.0,42.416666666666664
2024-07-03,24.0,11.9,23.6,17.349999999999998,69.66666666666667,1.7579166666666666,2.79,0.0,47.541666666666664
2024-07-04,28.0,13.2,27.2,20.433333333333334,56.291666666666664,2.6283333333333334,4.32,0.0,0.16666666666666666
2024-07-05,31.0,14.1,30.8,23.025000000000002,46.583333333333336,2.205416666666667,4.1,0.0,0.0
2024-07-06,32.0,16.1,31.3,24.46666666666667,41.125,2.1558333333333333,4.1,0.0,0.0
2024-07-07,33.0,16.6,33.1,25.420833333333334,42.208333333333336,1.5599999999999998,2.83,0.0,0.125
2024-07-08,34.0,18.9,34.1,27.3125,38.791666666666664,2.025,3.72,0.0,0.0
2024-07-09,36.0,18.9,36.0,27.579166666666666,40.166666666666664,1.8995833333333332,3.3,0.0,0.20833333333333334
2024-07-10,31.0,17.1,30.1,23.825,47.875,2.4908333333333332,3.77,0.0,0.7083333333333334
2024-07-11,27.0,15.2,27.6,21.40833333333333,56.875,2.1616666666666666,3.41,0.0,2.5416666666666665
2024-07-12,28.0,12.9,27.9,20.9375,61.0,1.9741666666666668,3.41,0.0,1.7083333333333333
2024-07-13,31.0,15.1,29.9,23.2375,54.875,2.0108333333333333,4.1,0.0,1.9583333333333333
2024-07-14,28.0,16.6,28.3,22.3,59.5,2.0704166666666666,3.26,0.0,0.4583333333333333
2024-07-15,26.0,13.8,25.7,18.666666666666668,72.5,1.8441666666666665,2.5,0.0,44.0
2024-07-16,31.0,15.2,30.4,22.916666666666668,60.583333333333336,2.084166666666667,3.32,0.0,1.0416666666666667
2024-07-17,28.0,17.6,27.0,22.141666666666666,66.54166666666667,2.1425,3.3,0.0,50.083333333333336
2024-07-18,28.0,14.5,27.8,20.325,69.25,2.5058333333333334,3.61,0.0,12.666666666666666
2024-07-19,29.0,14.4,28.5,20.825,65.375,2.19875,3.02,0.0,17.416666666666668
2024-07-20,31.0,16.0,29.9,22.849999999999998,54.5,2.361666666666667,3.91,0.0,0.375
2024-07-21,25.0,15.8,25.2,20.283333333333335,68.45833333333333,2.02,3.82,0.0,29.625
2024-07-22,20.0,14.2,19.1,16.608333333333334,79.54166666666667,1.7979166666666666,4.1,0.0,73.5
2024-07-23,24.0,14.0,23.7,18.55,58.791666666666664,2.5470833333333336,3.48,0.0,44.791666666666664
2024-07-24,24.0,11.9,24.1,18.0625,62.708333333333336,2.22625,4.38,0.0,26.75
2024-07-25,23.0,14.1,22.5,17.7625,61.708333333333336,1.9445833333333333,2.97,0.0,58.916666666666664
2024-07-26,25.0,11.6,24.4,18.2,61.541666666666664,2.5604166666666663,4.0,0.0,4.5
2024-07-27,26.0,13.5,25.0,19.2375,60.666666666666664,1.8958333333333333,3.1,0.0,19.541666666666668
2024-07-28,20.0,13.7,20.3,16.770833333333332,75.625,2.61625,4.03,0.0,66.16666666666667
2024-07-29,21.0,14.8,18.6,16.516666666666666,85.75,3.05125,4.56,3.9,88.875
2024-07-30,24.0,16.2,22.5,18.745833333333334,83.20833333333333,3.2216666666666662,4.67,0.6,75.25
2024-07-31,26.0,15.8,25.7,19.804166666666667,76.33333333333333,2.0229166666666667,3.5,0.0,44.916666666666664
2024-08-01,29.0,15.6,29.3,22.354166666666668,67.70833333333333,2.8516666666666666,4.11,0.0,16.25
2024-08-02,29.0,18.4,29.4,23.47083333333333,65.5,2.2579166666666666,3.92,0.0,19.958333333333332
2024-08-03,28.0,14.4,27.6,20.712500000000002,70.08333333333333,1.9466666666666665,3.42,0.0,46.416666666666664
2024-08-04,28.0,14.9,28.6,21.016666666666666,69.83333333333333,2.2695833333333333,3.34,0.0,28.875
2024-08-05,24.0,14.1,24.5,18.787499999999998,75.45833333333333,2.3454166666666665,3.09,0.0,29.0
2024-08-06,21.0,12.4,20.6,16.220833333333335,77.0,2.0816666666666666,2.83,0.0,64.66666666666667
2024-08-07,26.0,12.2,25.7,18.587500000000002,71.75,1.9495833333333332,3.41,0.0,32.291666666666664
2024-08-08,30.0,14.9,29.6,22.308333333333334,61.0,1.9266666666666667,3.6,0.0,5.458333333333333
2024-08-09,29.0,16.7,28.8,22.754166666666666,65.58333333333333,1.6725,2.42,0.0,16.375
2024-08-10,25.0,14.8,25.4,19.208333333333332,80.33333333333333,2.56,3.7,0.0,43.208333333333336
2024-08-11,21.0,15.1,20.8,17.279166666666665,80.70833333333333,2.35875,3.22,0.0,73.125
2024-08-12,22.0,13.7,21.3,17.425,69.91666666666667,2.723333333333333,4.26,0.0,64.79166666666667
2024-08-13,21.0,13.7,21.1,17.45,73.08333333333333,2.1058333333333334,2.88,0.0,60.625
2024-08-14,25.0,15.1,24.7,19.724999999999998,68.41666666666667,1.3604166666666666,3.11,0.0,48.25
2024-08-15,23.0,14.4,23.2,18.504166666666666,74.04166666666667,2.222916666666667,3.83,0.0,26.541666666666668
2024-08-16,23.0,14.7,22.8,18.295833333333334,64.875,1.9904166666666665,3.35,0.0,46.583333333333336
2024-08-17,26.0,13.4,25.4,19.129166666666666,73.79166666666667,3.1649999999999996,5.64,4.1,29.458333333333332
2024-08-18,25.0,15.9,24.6,18.995833333333334,76.45833333333333,2.1425,5.72,0.8,54.666666666666664
2024-08-19,24.0,12.1,23.8,17.783333333333335,67.45833333333333,1.9425,3.79,0.0,36.625
2024-08-20,19.0,14.7,19.2,16.595833333333335,83.45833333333333,1.7033333333333334,2.24,3.6,75.875
2024-08-21,21.0,13.9,20.3,16.712500000000002,81.08333333333333,1.7170833333333333,3.02,0.0,86.79166666666667
2024-08-22,21.0,13.9,20.9,17.5125,77.70833333333333,1.2758333333333334,2.35,0.30000000000000004,83.66666666666667
2024-08-23,15.0,12.5,16.1,13.916666666666666,94.20833333333333,2.505,4.62,6.8,99.625
2024-08-24,16.0,12.2,15.8,13.604166666666666,90.625,3.7429166666666664,5.15,7.0,99.95833333333333
2024-08-25,22.0,12.9,22.5,17.125,73.41666666666667,1.8016666666666667,2.75,0.0,50.25
2024-08-26,21.0,12.0,21.7,17.0125,75.875,1.4616666666666667,3.5,0.1,60.416666666666664
2024-08-27,19.0,12.6,19.5,15.341666666666667,73.5,2.555,4.25,0.5,64.29166666666667
2024-08-28,21.0,8.8,20.4,14.795833333333334,67.125,2.1283333333333334,4.01,0.0,2.0
2024-08-29,26.0,10.8,25.1,17.525000000000002,68.08333333333333,2.61625,3.58,0.0,2.1666666666666665
2024-08-30,28.0,13.2,27.8,20.370833333333334,64.58333333333333,2.0820833333333333,2.8,0.0,2.0833333333333335
2024-08-31,29.0,14.6,28.6,21.558333333333334,64.08333333333333,2.1912499999999997,3.62,0.0,0.9166666666666666
2024-09-01,27.0,15.5,27.8,21.325,68.83333333333333,1.7008333333333334,3.38,0.0,24.916666666666668
2024-09-02,21.0,15.5,19.7,17.233333333333334,83.45833333333333,2.3091666666666666,3.22,0.0,96.875
2024-09-03,22.0,14.8,21.5,17.679166666666667,78.41666666666667,1.4579166666666667,2.3,0.0,67.75
2024-09-04,26.0,13.7,25.5,18.75,77.66666666666667,2.3537500000000002,3.13,0.0,34.0
2024-09-05,32.0,14.7,32.4,22.90833333333333,62.583333333333336,1.9937500000000001,3.47,0.0,2.9166666666666665
2024-09-06,31.0,16.8,30.9,23.291666666666668,60.708333333333336,2.0708333333333333,3.65,0.0,1.9166666666666667
2024-09-07,24.0,17.0,25.7,21.695833333333336,61.958333333333336,1.5329166666666667,2.38,0.0,39.333333333333336
2024-09-08,23.0,15.1,23.7,18.495833333333334,79.79166666666667,2.4133333333333336,3.22,0.0,37.833333333333336
2024-09-09,19.0,14.9,19.7,16.833333333333332,82.625,1.6970833333333333,2.52,0.0,75.79166666666667
2024-09-10,21.0,13.6,21.3,16.283333333333335,75.79166666666667,2.0195833333333333,3.32,0.1,74.20833333333333
2024-09-11,19.0,12.2,18.8,14.9,86.125,1.6600000000000001,3.41,7.2,85.91666666666667
2024-09-12,20.0,12.2,19.9,15.558333333333332,80.29166666666667,1.4670833333333333,2.68,0.0,63.166666666666664
2024-09-13,18.0,11.0,18.1,14.450000000000001,79.75,1.6524999999999999,2.34,0.0,83.25
2024-09-14,19.0,13.3,19.3,14.770833333333334,88.66666666666667,2.02,2.94,1.3,99.5
2024-09-15,18.0,12.1,17.4,13.9125,81.70833333333333,1.98625,3.35,0.0,73.45833333333333
2024-09-16,20.0,9.4,19.7,14.229166666666666,75.5,1.8691666666666666,3.55,0.0,31.083333333333332
2024-09-17,17.0,10.9,17.2,14.004166666666665,84.45833333333333,2.1404166666666664,3.67,0.0,85.29166666666667
2024-09-18,21.0,14.0,20.0,16.216666666666665,80.41666666666667,1.95875,3.61,0.0,74.20833333333333
2024-09-19,19.0,10.2,20.2,14.858333333333334,77.375,1.2283333333333333,2.5,0.0,52.916666666666664
2024-09-20,18.0,11.8,17.5,13.933333333333332,75.70833333333333,1.6845833333333333,2.26,0.0,66.91666666666667
2024-09-21,21.0,8.3,21.0,14.325000000000001,66.66666666666667,1.1933333333333334,2.02,0.0,20.0
2024-09-22,21.0,9.8,20.9,15.529166666666667,67.41666666666667,1.2195833333333332,2.42,0.0,40.916666666666664
2024-09-23,22.0,15.8,22.5,18.375,80.45833333333333,1.8949999999999998,3.32,0.0,64.04166666666667
2024-09-24,25.0,15.0,25.6,18.8,78.91666666666667,1.82125,2.93,0.0,41.291666666666664
2024-09-25,18.0,13.2,18.5,15.970833333333333,83.5,3.2854166666666664,4.63,3.8,84.5
2024-09-26,19.0,10.0,19.4,14.35,75.625,2.4675,4.0,0.30000000000000004,82.25
2024-09-27,19.0,11.6,18.3,14.829166666666666,78.5,3.0425,5.1,0.7,57.333333333333336
2024-09-28,16.0,8.7,15.9,12.0375,78.95833333333333,2.01625,3.47,0.0,69.375
2024-09-29,16.0,9.5,16.2,12.441666666666668,69.875,1.6045833333333333,3.1,0.0,81.83333333333333
2024-09-30,19.0,6.9,18.6,12.195833333333333,65.875,2.1016666666666666,3.14,0.0,9.333333333333334
2024-10-01,19.0,7.1,19.4,12.8375,70.75,1.7445833333333332,4.73,0.0,51.666666666666664
2024-10-02,17.0,9.8,17.1,13.095833333333333,65.04166666666667,1.5995833333333334,3.11,0.0,54.041666666666664
2024-10-03,19.0,5.9,18.4,11.441666666666668,68.45833333333333,1.8225,3.4,0.0,38.25
2024-10-04,16.0,8.8,14.9,10.979166666666666,83.875,3.1425,6.38,7.6000000000000005,63.0
2024-10-05,17.0,8.9,16.5,12.216666666666667,81.0,1.8883333333333334,3.2,0.0,44.791666666666664
2024-10-06,19.0,6.2,19.4,12.725,74.20833333333333,1.5325,2.55,0.0,22.625
2024-10-07,24.0,8.5,23.8,15.604166666666666,59.875,0.9583333333333334,1.71,0.0,3.6666666666666665
2024-10-08,18.0,12.4,18.2,15.108333333333334,81.83333333333333,2.857083333333333,4.39,1.4,86.20833333333333
2024-10-09,16.0,10.5,16.1,13.5,79.0,2.0533333333333332,2.9,0.0,58.458333333333336
2024-10-10,14.0,8.8,14.4,11.083333333333334,83.08333333333333,2.355,3.96,0.0,81.70833333333333
2024-10-11,14.0,7.3,13.9,10.370833333333334,86.08333333333333,1.8841666666666665,2.59,0.0,73.625
2024-10-12,19.0,6.8,18.5,11.858333333333334,74.20833333333333,0.9783333333333334,2.06,0.0,32.166666666666664
2024-10-13,22.0,9.1,21.7,15.233333333333334,70.95833333333333,1.5308333333333335,3.21,0.0,16.291666666666668
2024-10-14,18.0,11.8,19.0,14.791666666666666,82.95833333333333,2.2312499999999997,3.97,0.3,71.125
2024-10-15,15.0,11.5,14.4,13.0625,84.375,2.2216666666666667,3.5,0.2,99.83333333333333
2024-10-16,16.0,8.3,15.7,11.841666666666667,75.875,3.7695833333333333,5.42,0.30000000000000004,79.58333333333333
2024-10-17,13.0,6.8,11.5,8.433333333333334,81.45833333333333,1.8020833333333333,3.21,0.1,65.29166666666667
2024-10-18,12.0,5.7,10.6,8.216666666666667,82.33333333333333,2.20375,3.54,1.1,96.29166666666667
2024-10-19,18.0,10.7,17.2,14.487499999999999,78.54166666666667,4.8125,7.22,1.8,99.75
2024-10-20,18.0,11.0,18.9,14.916666666666666,82.29166666666667,3.2366666666666664,7.55,1.9,78.70833333333333
2024-10-21,12.0,8.6,12.1,10.370833333333334,88.375,1.6816666666666666,4.92,1.4,92.16666666666667
2024-10-22,13.0,6.1,13.5,9.116666666666667,77.41666666666667,1.8070833333333332,3.61,0.0,31.25
2024-10-23,11.0,4.8,10.8,7.541666666666667,82.75,1.3429166666666665,2.31,0.0,70.29166666666667
2024-10-24,13.0,5.1,12.5,8.4625,78.0,1.6475,3.42,0.0,73.125
2024-10-25,15.0,5.4,15.2,9.995833333333334,68.75,2.31375,3.73,0.0,87.58333333333333
2024-10-26,16.0,11.2,14.8,12.504166666666668,87.16666666666667,3.160833333333333,7.12,5.5,99.5
2024-10-27,13.0,7.9,13.0,10.504166666666666,87.5,4.1937500000000005,7.23,15.4,94.41666666666667
2024-10-28,12.0,7.5,11.4,9.116666666666667,84.79166666666667,3.5329166666666665,5.1,0.2,91.70833333333333
2024-10-29,12.0,6.1,11.2,8.645833333333334,85.54166666666667,1.5070833333333333,2.84,0.0,68.875
2024-10-30,10.0,5.4,9.0,6.929166666666667,80.83333333333333,1.9179166666666667,2.79,3.5,82.16666666666667
2024-10-31,9.0,4.4,9.5,6.883333333333333,84.875,1.2116666666666667,2.33,3.5999999999999996,75.25
2024-11-01,11.0,6.7,9.6,8.049999999999999,89.91666666666667,2.4079166666666665,4.62,9.9,99.875
2024-11-02,11.0,7.4,10.5,8.5375,88.29166666666667,2.341666666666667,4.08,0.4,88.5
2024-11-03,11.0,7.0,10.4,8.564,88.44,1.3075999999999999,2.86,0.0,88.76
2024-11-04,13.0,6.1,12.1,8.654166666666667,77.16666666666667,4.27625,7.2,3.3,59.291666666666664
2024-11-05,11.0,4.8,9.9,6.8999999999999995,82.04166666666667,1.4733333333333334,2.83,0.0,79.45833333333333
2024-11-06,13.0,3.9,11.9,7.1625000000000005,70.91666666666667,1.1720833333333334,1.82,0.0,11.25
2024-11-07,14.0,2.5,13.6,7.966666666666666,74.70833333333333,0.88625,2.4,0.0,49.083333333333336
2024-11-08,16.0,6.9,14.1,10.283333333333333,67.75,2.285,3.01,0.0,64.58333333333333
2024-11-09,11.0,8.1,10.5,9.095833333333333,84.29166666666667,1.6500000000000001,2.61,1.0,96.04166666666667
2024-11-10,12.0,8.2,12.3,10.158333333333333,85.41666666666667,1.3029166666666667,3.3,3.9,85.375
2024-11-11,11.0,7.3,10.4,9.129166666666666,88.70833333333333,3.780416666666667,5.75,18.6,96.66666666666667
2024-11-12,12.0,7.3,10.8,8.820833333333333,84.54166666666667,4.042083333333333,6.04,2.9,99.79166666666667
2024-11-13,13.0,8.2,11.7,9.637500000000001,82.95833333333333,3.3691666666666666,5.42,5.9,99.25
2024-11-14,10.0,5.5,9.7,7.933333333333334,87.41666666666667,3.4949999999999997,7.34,1.1,99.95833333333333
2024-11-15,8.0,3.8,7.9,5.7375,86.16666666666667,1.1575,2.34,0.0,64.29166666666667
2024-11-16,8.0,1.6,7.4,4.2875000000000005,88.25,2.0212499999999998,3.36,6.2,93.04166666666667
2024-11-17,9.0,4.2,9.0,7.1625000000000005,87.83333333333333,4.794583333333333,7.63,4.0,99.75
2024-11-18,6.0,3.5,5.7,4.375,87.125,3.2624999999999997,5.2,0.5,97.66666666666667
2024-11-19,8.0,2.1,6.5,4.583333333333333,78.75,3.32,8.27,6.5,95.95833333333333
2024-11-20,12.0,5.2,10.7,7.204166666666667,67.83333333333333,2.686666666666667,5.02,2.4,86.375
2024-11-21,10.0,3.9,9.1,6.308333333333334,77.70833333333333,1.3095833333333333,2.47,0.0,73.91666666666667
2024-11-22,14.0,5.2,12.0,8.3375,78.125,3.4633333333333334,7.17,5.1,80.0
2024-11-23,9.0,4.9,9.0,6.620833333333334,77.66666666666667,2.35125,3.73,0.1,74.58333333333333
2024-11-24,8.0,4.6,7.0,5.795833333333333,84.95833333333333,1.1433333333333333,1.87,3.0999999999999996,99.83333333333333
2024-11-25,9.0,5.5,8.0,6.466666666666666,93.0,1.2995833333333333,3.11,5.1,100.0
2024-11-26,7.0,4.4,6.9,5.745833333333334,88.875,1.38,2.69,0.0,90.79166666666667
2024-11-27,7.0,2.4,6.6,4.858333333333333,88.20833333333333,0.8970833333333333,1.96,0.5,80.5
2024-11-28,6.0,0.6,5.3,2.6583333333333337,91.20833333333333,1.0695833333333333,2.33,0.0,93.08333333333333
2024-11-29,6.0,1.3,5.0,2.8083333333333336,88.83333333333333,1.215,2.32,0.0,94.08333333333333
2024-11-30,7.0,1.0,6.5,3.3541666666666665,81.54166666666667,0.9645833333333332,1.92,0.0,49.375
2024-12-01,9.0,0.4,8.1,3.483333333333333,82.33333333333333,1.5216666666666667,3.33,0.0,48.583333333333336
2024-12-02,4.0,0.3,3.8,2.216666666666667,93.875,1.0483333333333333,1.91,0.0,100.0
2024-12-03,6.0,-1.3,4.5,1.3833333333333335,91.83333333333333,1.2729166666666667,2.48,0.0,80.0
2024-12-04,2.0,-0.9,2.4,0.5541666666666667,94.45833333333333,0.8183333333333334,2.14,0.0,91.125
2024-12-05,10.0,-1.2,8.7,3.654166666666667,74.95833333333333,1.3383333333333332,2.52,0.0,27.791666666666668
2024-12-06,9.0,2.2,8.7,5.533333333333334,73.16666666666667,1.4166666666666667,2.72,0.0,69.29166666666667
2024-12-07,11.0,6.4,9.5,8.033333333333333,88.45833333333333,4.468333333333333,6.32,23.7,94.54166666666667
2024-12-08,8.0,5.2,7.7,6.408333333333334,88.91666666666667,2.6875,5.65,1.4000000000000001,100.0
2024-12-09,8.0,1.9,7.9,4.991666666666666,85.875,1.1570833333333332,2.22,0.0,54.708333333333336
2024-12-10,6.0,0.6,5.7,2.5625,87.29166666666667,1.78,3.45,0.0,82.0
2024-12-11,11.0,1.4,8.4,3.9875000000000003,73.54166666666667,1.2466666666666668,2.55,0.0,54.5
2024-12-12,8.0,2.1,6.1,4.616666666666666,78.625,1.3666666666666665,2.69,0.2,93.41666666666667
2024-12-13,7.0,3.5,7.2,5.341666666666666,82.79166666666667,1.8445833333333335,3.28,8.1,87.83333333333333
2024-12-14,10.0,4.6,8.2,6.791666666666667,78.25,5.426666666666667,9.71,0.9,88.58333333333333
2024-12-15,8.0,2.8,7.4,4.820833333333334,81.5,2.6408333333333336,5.53,0.0,54.0
2024-12-16,9.0,3.7,8.9,5.583333333333333,79.04166666666667,1.6720833333333334,2.62,3.7,81.29166666666667
2024-12-17,13.0,4.5,11.2,6.341666666666666,86.04166666666667,2.3441666666666667,4.79,25.8,99.83333333333333
2024-12-18,12.0,5.9,12.2,9.2125,79.875,4.7629166666666665,9.23,7.7,78.08333333333333
2024-12-19,12.0,6.0,11.9,8.575000000000001,73.875,1.4304166666666667,3.47,1.1,94.5
2024-12-20,14.0,7.4,12.2,9.120833333333334,70.29166666666667,1.0983333333333334,2.41,0.0,61.125
2024-12-21,14.0,6.2,9.4,8.070833333333333,77.25,2.47,4.09,4.7,84.25
2024-12-22,11.0,5.7,9.5,7.408333333333334,81.08333333333333,2.1662500000000002,4.11,5.1,97.70833333333333
2024-12-23,13.0,5.9,10.8,8.816666666666666,77.83333333333333,2.7675,5.54,3.0,74.20833333333333
2024-12-24,11.0,5.0,9.8,7.9750000000000005,80.95833333333333,3.31625,4.48,3.2,64.875
2024-12-25,7.0,3.4,6.0,4.7375,84.20833333333333,2.401666666666667,3.86,12.0,82.66666666666667
2024-12-26,11.0,5.5,9.4,7.504166666666666,81.54166666666667,4.66125,8.36,7.300000000000001,90.79166666666667
2024-12-27,9.0,5.5,7.6,6.479166666666667,88.66666666666667,2.1020833333333333,5.28,12.3,99.875
2024-12-28,9.0,6.8,9.2,8.083333333333334,86.79166666666667,4.736666666666667,7.29,7.8999999999999995,98.79166666666667
2024-12-29,8.0,3.9,6.8,5.983333333333333,88.33333333333333,2.11125,4.75,3.5,97.16666666666667
2024-12-30,7.0,3.3,6.6,4.825,87.5,3.1383333333333336,4.48,0.2,71.66666666666667
2024-12-31,7.0,2.0,6.1,4.1000000000000005,84.5,1.1570833333333332,1.88,0.0,81.58333333333333
2025-01-01,7.0,2.9,6.7,4.25,85.04166666666667,1.2270833333333333,2.3,1.4000000000000001,94.70833333333333
2025-01-02,7.0,2.7,6.2,4.420833333333333,78.20833333333333,1.2258333333333333,2.56,0.30000000000000004,98.375
2025-01-03,7.0,3.4,6.6,5.029166666666667,84.16666666666667,1.9962499999999999,3.06,7.0,91.83333333333333
2025-01-04,8.0,3.8,7.6,5.483333333333333,85.29166666666667,1.5304166666666665,3.34,5.7,87.125
2025-01-05,9.0,6.1,9.3,7.733333333333333,91.625,2.1720833333333336,3.31,0.2,99.70833333333333
2025-01-06,8.0,5.0,7.5,5.9750000000000005,92.91666666666667,2.3116666666666665,3.36,0.0,100.0
2025-01-07,7.0,3.1,5.9,4.5,90.0,1.4349999999999998,2.72,0.0,85.41666666666667
2025-01-08,10.0,5.1,9.2,6.5375000000000005,88.5,1.7366666666666666,3.59,0.0,88.91666666666667
2025-01-09,11.0,4.6,9.9,6.425,86.08333333333333,1.5958333333333332,2.52,0.0,62.0
2025-01-10,9.0,5.1,8.8,6.8374999999999995,85.79166666666667,2.3229166666666665,3.88,3.4,87.91666666666667
2025-01-11,8.0,2.4,7.3,4.954166666666667,85.625,1.3425,2.55,0.0,51.625
2025-01-12,6.0,1.3,5.4,3.2125,85.41666666666667,1.35625,3.16,0.5,76.625
2025-01-13,5.0,0.2,4.3,2.25,91.41666666666667,0.9116666666666666,1.9,0.0,83.04166666666667
2025-01-14,5.0,1.7,4.3,2.779166666666667,95.75,1.1508333333333334,1.8,0.0,100.0
2025-01-15,4.0,2.4,4.5,3.1374999999999997,94.91666666666667,1.2025,1.97,0.0,100.0
2025-01-16,6.0,1.9,5.2,3.2291666666666665,92.25,1.7658333333333334,3.22,1.1,97.54166666666667
2025-01-17,6.0,-0.2,5.5,2.658333333333333,84.125,1.2495833333333335,2.5,0.0,52.25
2025-01-18,6.0,-1.7,5.2,1.0916666666666666,80.66666666666667,1.6958333333333335,2.69,0.0,44.375
2025-01-19,6.0,-2.7,4.8,0.5708333333333333,75.04166666666667,1.7270833333333335,3.89,0.0,4.208333333333333
2025-01-20,6.0,-3.2,5.5,0.9375,62.708333333333336,1.2466666666666668,2.52,0.0,36.166666666666664
2025-01-21,6.0,-2.7,5.8,0.7291666666666666,76.83333333333333,1.0533333333333335,2.55,0.0,17.208333333333332
2025-01-22,6.0,-2.1,5.7,1.0374999999999999,75.33333333333333,1.9216666666666666,3.54,0.0,22.083333333333332
2025-01-23,5.0,-2.4,5.3,1.7708333333333333,79.41666666666667,1.2491666666666668,2.46,0.0,56.041666666666664
2025-01-24,6.0,0.6,5.7,2.841666666666667,80.54166666666667,1.8404166666666668,3.51,0.0,52.375
2025-01-25,7.0,-2.2,5.9,1.1458333333333333,67.29166666666667,2.845416666666667,3.94,0.0,0.0
2025-01-26,7.0,-3.1,6.4,1.1083333333333334,63.458333333333336,1.23625,2.6,0.0,0.2916666666666667
2025-01-27,8.0,-2.8,7.1,1.4458333333333335,71.125,1.5795833333333331,2.51,0.0,1.375
2025-01-28,8.0,-2.5,7.4,1.5999999999999999,76.58333333333333,1.1145833333333333,2.02,0.0,13.166666666666666
2025-01-29,8.0,-2.2,7.5,1.8666666666666665,81.375,1.14375,1.8,0.0,41.916666666666664
2025-01-30,6.0,-0.3,5.5,2.6958333333333333,85.91666666666667,1.955,3.57,1.3,96.16666666666667
2025-01-31,10.0,3.7,8.5,6.1125,87.29166666666667,3.73875,7.21,14.7,94.08333333333333
2025-02-01,4.0,0.9,3.3,2.1625,86.54166666666667,4.235416666666667,5.52,4.0,76.125
2025-02-02,2.0,-0.0,1.6,0.5083333333333333,90.125,3.1787500000000004,4.64,2.6,59.125
2025-02-03,3.0,-0.1,3.2,0.7416666666666667,91.08333333333333,1.515,2.78,1.4000000000000001,96.25
2025-02-04,5.0,-1.5,5.0,0.9125,82.79166666666667,1.8233333333333333,3.83,0.0,51.791666666666664
2025-02-05,3.0,-2.4,3.1,0.6583333333333333,88.45833333333333,2.2170833333333335,5.04,1.5,89.04166666666667
2025-02-06,4.0,-0.6,3.3,1.2750000000000001,91.20833333333333,3.0500000000000003,4.55,2.5,83.5
2025-02-07,4.0,-2.6,3.1,0.5041666666666667,79.95833333333333,2.0279166666666666,4.11,0.0,41.75
2025-02-08,3.0,0.1,3.5,1.4791666666666667,91.29166666666667,0.97625,2.08,3.7,97.41666666666667
2025-02-09,4.0,-0.0,4.2,1.75,85.375,1.4604166666666665,2.73,0.2,60.5
2025-02-10,4.0,-1.1,2.9,0.375,74.0,2.17875,4.55,0.0,34.25
2025-02-11,2.0,-5.3,1.6,-1.75,58.583333333333336,1.8233333333333333,3.31,0.0,7.0
2025-02-12,6.0,-5.4,5.5,-0.8875000000000001,51.208333333333336,2.0191666666666666,3.24,0.0,4.083333333333333
2025-02-13,2.0,-2.7,3.0,-0.012500000000000025,49.958333333333336,2.91,4.92,0.0,78.5
2025-02-14,4.0,0.1,3.6,1.8583333333333334,86.20833333333333,1.89625,2.97,0.0,100.0
2025-02-15,6.0,2.0,6.2,3.6999999999999997,86.20833333333333,1.1408333333333334,1.99,1.9000000000000001,99.625
2025-02-16,11.0,3.5,9.9,5.941666666666666,87.04166666666667,1.9370833333333335,3.22,8.3,100.0
2025-02-17,8.0,4.7,7.9,6.254166666666666,92.33333333333333,1.6541666666666668,2.97,2.2,100.0
2025-02-18,11.0,5.6,11.1,7.866666666666667,82.5,1.3866666666666667,2.01,0.0,88.54166666666667
2025-02-19,11.0,6.3,9.0,7.4750000000000005,79.45833333333333,5.007916666666667,7.54,1.3,87.125
2025-02-20,9.0,5.1,8.9,6.845833333333334,81.54166666666667,2.669166666666667,6.05,0.0,90.45833333333333
2025-02-21,10.0,4.3,9.6,6.679166666666667,84.16666666666667,1.42,2.69,3.0999999999999996,93.125
2025-02-22,13.0,7.1,11.4,9.125,88.83333333333333,2.6079166666666667,4.57,13.2,99.25
2025-02-23,12.0,8.0,10.8,9.233333333333333,91.25,2.8699999999999997,7.62,10.5,94.04166666666667
2025-02-24,10.0,5.3,9.6,7.75,79.0,2.96875,6.68,2.8,87.29166666666667
2025-02-25,10.0,4.8,8.5,7.108333333333333,85.04166666666667,6.862916666666667,10.54,8.1,88.25
2025-02-26,16.0,1.6,12.8,7.495833333333334,68.375,1.6679166666666667,2.88,0.0,44.583333333333336
2025-02-27,17.0,4.3,16.1,9.995833333333334,61.0,2.01625,3.3,0.0,0.375
2025-02-28,15.0,4.4,14.5,8.558333333333334,79.16666666666667,1.6095833333333334,3.1,0.0,19.0
2025-03-01,16.0,2.4,16.1,8.529166666666667,76.41666666666667,1.6820833333333332,2.91,0.0,34.125
2025-03-02,11.0,6.9,9.8,8.508333333333333,85.875,1.9620833333333332,3.59,0.0,83.29166666666667
2025-03-03,11.0,6.6,10.0,8.091666666666667,86.95833333333333,2.0791666666666666,3.08,0.0,100.0
2025-03-04,9.0,4.8,9.3,6.545833333333333,86.625,2.1504166666666666,6.14,3.1,90.91666666666667
2025-03-05,11.0,2.7,10.5,6.2625,77.79166666666667,1.9879166666666668,3.29,0.0,34.291666666666664
2025-03-06,11.0,3.3,10.8,6.0874999999999995,78.375,1.6375,3.0,0.0,56.958333333333336
2025-03-07,9.0,1.7,9.7,5.541666666666667,76.41666666666667,2.4895833333333335,4.31,0.0,57.875
2025-03-08,13.0,5.3,12.0,8.270833333333334,74.66666666666667,2.9154166666666668,4.97,0.6,98.25
2025-03-09,9.0,3.2,11.6,7.71304347826087,78.6086956521739,3.683913043478261,6.62,6.8,85.17391304347827
2025-03-10,7.0,3.2,6.8,4.833333333333333,86.75,1.7125000000000001,2.44,0.4,94.0
2025-03-11,10.0,3.1,9.9,5.9624999999999995,78.75,1.735,2.92,0.0,93.79166666666667
2025-03-12,11.0,5.6,10.3,7.329166666666667,87.04166666666667,2.035,3.55,2.6,98.08333333333333
2025-03-13,8.0,2.5,7.2,4.566666666666666,88.95833333333333,3.69125,6.61,6.4,90.75
2025-03-14,9.0,0.6,9.6,4.854166666666667,73.16666666666667,1.485,2.48,0.1,70.875
2025-03-15,8.0,4.1,7.6,5.570833333333333,86.95833333333333,4.2437499999999995,7.21,12.5,99.83333333333333
2025-03-16,10.0,3.2,9.0,5.095833333333333,85.91666666666667,2.82875,4.83,2.5,74.875
2025-03-17,11.0,2.3,9.1,4.704166666666667,84.20833333333333,2.5170833333333333,4.5,4.4,69.66666666666667
2025-03-18,10.0,0.3,9.4,4.675,80.70833333333333,1.9808333333333332,3.11,0.4,33.166666666666664
2025-03-19,13.0,4.4,11.7,7.720833333333334,64.66666666666667,3.03,7.6,0.4,90.0
2025-03-20,9.0,4.5,8.3,6.479166666666667,83.5,4.505416666666666,6.4,5.0,93.08333333333333
2025-03-21,11.0,5.0,10.1,7.470833333333334,85.33333333333333,4.416666666666667,6.4,8.1,99.70833333333333
2025-03-22,12.0,3.6,10.7,6.720833333333334,78.5,2.214583333333333,3.3,0.0,79.70833333333333
2025-03-23,12.0,5.9,11.4,8.691666666666666,91.5,3.702083333333333,6.64,15.0,100.0
2025-03-24,13.0,10.0,13.6,11.341666666666667,92.625,3.4645833333333336,6.16,1.5999999999999999,99.66666666666667
2025-03-25,22.0,9.8,21.5,14.341666666666667,80.58333333333333,1.4091666666666667,3.03,0.0,64.125
2025-03-26,18.0,9.7,17.3,12.558333333333332,86.45833333333333,2.7733333333333334,4.83,8.399999999999999,77.70833333333333
2025-03-27,15.0,7.7,13.2,10.945833333333333,79.70833333333333,2.1220833333333333,4.27,1.9,77.83333333333333
2025-03-28,12.0,6.4,10.2,8.695833333333333,82.625,3.2325,4.7,3.1,87.70833333333333
2025-03-29,13.0,4.8,12.3,7.729166666666667,75.58333333333333,2.0108333333333333,3.21,0.0,38.958333333333336
2025-03-30,17.0,3.8,15.7,9.4,66.08333333333333,3.4154166666666668,6.3,1.2000000000000002,69.625
2025-03-31,11.0,5.1,9.9,7.470833333333334,82.08333333333333,2.6966666666666668,3.82,0.4,80.91666666666667
2025-04-01,11.0,4.8,10.4,7.129166666666666,84.41666666666667,1.6441666666666668,2.81,1.1,86.75
2025-04-02,11.0,4.6,10.2,7.020833333333333,82.58333333333333,2.308333333333333,3.53,0.1,82.25
2025-04-03,13.0,4.4,12.6,7.870833333333334,74.41666666666667,1.1729166666666666,1.75,0.0,48.75
2025-04-04,18.0,2.9,18.2,10.183333333333334,59.041666666666664,1.5441666666666667,2.73,0.0,19.916666666666668
2025-04-05,21.0,5.4,21.2,13.387500000000001,46.208333333333336,1.3920833333333331,2.62,0.0,34.666666666666664
2025-04-06,14.0,8.4,13.5,10.9125,76.75,1.7279166666666665,3.33,5.3999999999999995,96.0
2025-04-07,13.0,7.0,12.7,9.333333333333334,89.83333333333333,2.8941666666666666,5.1,4.9,98.75
2025-04-08,12.0,6.9,10.9,8.104166666666666,85.66666666666667,3.4379166666666667,7.05,7.3,81.70833333333333
2025-04-09,14.0,4.3,14.3,9.5875,72.0,1.6025,3.0,0.0,53.833333333333336
2025-04-10,14.0,7.6,15.8,10.733333333333334,74.66666666666667,2.7125,6.32,3.1,70.04166666666667
2025-04-11,11.0,5.3,11.3,8.1625,76.875,2.1445833333333333,3.96,0.0,55.416666666666664
2025-04-12,12.0,5.2,11.7,8.116666666666667,74.0,1.8320833333333333,3.07,1.6,56.791666666666664
2025-04-13,16.0,2.7,15.4,8.808333333333334,64.95833333333333,2.4175,3.6,0.0,8.583333333333334
2025-04-14,19.0,5.5,19.0,11.5625,60.875,3.6333333333333333,5.31,0.0,8.958333333333334
2025-04-15,18.0,6.8,18.2,12.4375,67.875,2.627083333333333,3.63,0.0,14.666666666666666
2025-04-16,16.0,6.3,16.2,11.445833333333333,59.916666666666664,2.98375,5.92,0.0,5.375
2025-04-17,18.0,4.5,18.3,11.933333333333332,43.208333333333336,2.125833333333333,4.72,0.0,0.041666666666666664
2025-04-18,22.0,5.1,22.0,13.65,42.541666666666664,1.4904166666666665,3.89,0.0,10.041666666666666
2025-04-19,14.0,8.8,14.8,11.054166666666667,73.83333333333333,2.2095833333333332,3.64,0.2,81.875
2025-04-20,13.0,7.3,12.9,9.183333333333334,80.70833333333333,3.02875,6.52,3.3,97.08333333333333
2025-04-21,14.0,5.7,12.9,8.970833333333333,71.58333333333333,2.1004166666666664,3.36,0.3,70.58333333333333
2025-04-22,16.0,3.6,15.2,9.358333333333333,67.95833333333333,1.9783333333333335,3.71,0.0,9.958333333333334
2025-04-23,18.0,4.3,18.8,11.204166666666666,61.916666666666664,1.97625,2.93,0.0,2.125
2025-04-24,22.0,6.4,21.8,13.804166666666667,56.375,2.0925,3.11,0.0,4.125
2025-04-25,22.0,8.9,21.3,15.045833333333334,54.041666666666664,2.504166666666667,4.83,0.0,43.5
2025-04-26,17.0,8.9,17.1,12.2875,73.20833333333333,2.3766666666666665,3.38,0.0,42.666666666666664
2025-04-27,14.0,6.0,13.8,9.866666666666667,75.0,2.555,3.58,0.0,69.16666666666667
2025-04-28,13.0,6.9,13.0,9.829166666666667,78.29166666666667,2.7895833333333333,4.04,0.1,92.41666666666667
2025-04-29,14.0,8.7,13.9,10.604166666666666,85.5,2.8779166666666662,4.07,1.8,90.83333333333333
2025-04-30,16.0,5.2,16.0,10.433333333333334,71.66666666666667,1.485,2.92,0.0,54.875
2025-05-01,24.0,5.6,24.1,14.529166666666667,62.375,1.4920833333333334,2.13,0.0,2.0
2025-05-02,21.0,10.1,20.5,14.566666666666665,67.29166666666667,3.3008333333333333,5.29,0.0,6.75
2025-05-03,12.0,7.8,13.2,10.058333333333334,76.66666666666667,1.7579166666666666,3.72,0.0,89.41666666666667
2025-05-04,16.0,5.0,15.6,10.095833333333333,62.666666666666664,1.8929166666666666,4.03,0.0,22.583333333333332
2025-05-05,21.0,4.5,20.6,12.7125,53.125,1.9883333333333333,3.4,0.0,4.791666666666667
2025-05-06,25.0,7.7,25.0,17.1375,43.791666666666664,1.4133333333333333,2.73,0.0,42.583333333333336
2025-05-07,18.0,8.6,17.9,13.8125,63.666666666666664,3.3125,5.06,0.0,59.583333333333336
2025-05-08,17.0,5.7,16.3,11.125,62.0,2.3675,4.3,0.0,45.0
2025-05-09,21.0,6.6,20.9,13.6,56.25,1.8954166666666667,3.51,0.0,57.291666666666664
2025-05-10,17.0,9.2,16.6,12.941666666666668,57.541666666666664,2.219583333333333,4.43,0.0,66.04166666666667
2025-05-11,16.0,8.6,15.3,11.620833333333332,71.20833333333333,2.13375,4.18,0.1,83.04166666666667
2025-05-12,19.0,7.9,17.9,12.5,72.45833333333333,2.250833333333333,4.67,0.0,52.541666666666664
2025-05-13,16.0,8.4,15.2,11.700000000000001,78.33333333333333,3.1816666666666666,4.17,0.0,77.16666666666667
2025-05-14,16.0,9.4,15.6,11.466666666666667,74.375,3.6158333333333332,5.12,0.0,81.29166666666667
2025-05-15,13.0,6.2,12.6,9.545833333333333,78.75,2.6816666666666666,3.61,1.2,88.5
2025-05-16,15.0,8.3,14.6,11.15,83.875,2.1795833333333334,2.92,0.2,98.91666666666667
2025-05-17,16.0,10.0,15.5,11.845833333333333,86.5,1.9012499999999999,4.27,0.9,100.0
2025-05-18,16.0,6.5,16.0,11.200000000000001,65.875,2.9470833333333335,4.12,0.0,46.166666666666664
2025-05-19,16.0,8.2,14.8,10.858333333333334,78.41666666666667,4.029166666666667,6.96,4.5,77.29166666666667
2025-05-20,14.0,7.6,14.7,11.204166666666666,74.75,4.11125,5.16,0.0,57.958333333333336
2025-05-21,16.0,7.9,16.5,12.029166666666667,69.08333333333333,2.1687499999999997,3.26,0.0,65.375
2025-05-22,19.0,9.1,19.6,13.85,63.75,1.8133333333333335,2.83,0.4,44.125
2025-05-23,19.0,8.5,18.5,13.079166666666666,65.625,1.9045833333333333,2.85,0.0,28.25
2025-05-24,24.0,8.0,23.7,15.620833333333332,56.208333333333336,1.6508333333333332,2.59,0.0,16.666666666666668
2025-05-25,20.0,9.7,19.4,14.708333333333334,66.875,2.9004166666666666,3.91,0.0,49.958333333333336
2025-05-26,19.0,11.1,18.7,14.270833333333334,70.0,2.873333333333333,4.95,0.7000000000000001,78.16666666666667
2025-05-27,24.0,8.3,22.8,15.541666666666666,60.458333333333336,2.0616666666666665,4.1,0.0,3.8333333333333335
2025-05-28,27.0,11.8,26.9,18.995833333333334,56.458333333333336,3.1820833333333334,4.99,0.0,0.9583333333333334
2025-05-29,20.0,12.4,19.8,15.066666666666668,74.66666666666667,3.2875,5.5,0.9,55.958333333333336
2025-05-30,24.0,8.5,24.7,16.658333333333335,57.708333333333336,1.6816666666666666,2.61,0.0,20.291666666666668
2025-05-31,17.0,11.2,17.2,14.279166666666667,68.70833333333333,2.40375,4.47,0.0,64.04166666666667
2025-06-01,19.0,8.0,19.0,13.570833333333333,64.16666666666667,2.7587499999999996,3.8,0.0,23.791666666666668
2025-06-02,21.0,8.3,20.8,14.799999999999999,57.916666666666664,1.9208333333333334,3.61,0.0,13.458333333333334
2025-06-03,23.0,9.1,23.0,16.558333333333334,55.25,1.7291666666666667,2.61,0.0,7.208333333333333
2025-06-04,19.0,12.7,18.9,15.404166666666667,76.66666666666667,1.89375,2.93,0.0,67.91666666666667
2025-06-05,25.0,10.8,24.1,17.129166666666666,73.04166666666667,1.9266666666666667,3.81,0.0,31.166666666666668
2025-06-06,26.0,13.8,25.8,20.066666666666666,58.916666666666664,1.6695833333333334,2.84,0.0,18.583333333333332
2025-06-07,27.0,12.6,26.5,20.075,63.25,2.0304166666666665,3.81,0.0,10.0
2025-06-08,31.0,15.9,31.1,23.516666666666666,52.958333333333336,1.8724999999999998,2.93,0.0,0.0
2025-06-09,29.0,16.9,29.6,23.3125,50.833333333333336,2.1008333333333336,3.21,0.0,0.6666666666666666
2025-06-10,27.0,12.3,26.8,19.7625,59.833333333333336,1.8770833333333332,2.75,0.0,10.666666666666666
2025-06-11,20.0,10.8,20.3,14.966666666666667,74.41666666666667,3.487083333333333,4.7,0.0,59.208333333333336
2025-06-12,18.0,10.3,18.1,13.416666666666666,70.375,2.2754166666666666,3.89,0.0,77.04166666666667
2025-06-13,17.0,9.2,16.2,12.7875,70.125,2.2912500000000002,3.5,0.0,90.04166666666667
2025-06-14,19.0,9.0,18.9,13.887500000000001,62.25,2.3466666666666667,3.88,0.0,54.125
2025-06-15,22.0,9.0,21.4,15.274999999999999,62.333333333333336,2.2495833333333333,3.28,0.0,25.125
2025-06-16,23.0,9.3,22.5,16.054166666666667,60.666666666666664,1.6375,2.69,0.0,17.75
2025-06-17,23.0,10.0,22.5,16.6375,59.958333333333336,2.1616666666666666,3.11,0.0,21.958333333333332
2025-06-18,20.0,13.2,19.9,16.408333333333335,69.91666666666667,3.3745833333333333,5.33,0.1,57.25
2025-06-19,20.0,10.3,20.2,15.433333333333332,61.166666666666664,2.029166666666667,2.86,0.0,81.79166666666667
2025-06-20,17.0,10.4,16.6,13.366666666666667,70.16666666666667,2.6483333333333334,4.31,0.0,84.375
2025-06-21,14.0,10.1,14.0,11.904166666666667,88.20833333333333,3.1,5.51,7.0,98.75
2025-06-22,19.0,11.9,18.6,14.933333333333335,79.29166666666667,1.77375,2.84,0.0,81.04166666666667
2025-06-23,24.0,11.3,23.9,17.45,67.16666666666667,1.89375,3.05,0.0,20.291666666666668
2025-06-24,26.0,12.5,26.6,19.099999999999998,65.29166666666667,1.7504166666666665,2.72,0.0,30.125
2025-06-25,22.0,12.2,21.5,16.474999999999998,71.5,3.060833333333333,3.88,0.0,64.33333333333333
2025-06-26,19.0,12.9,19.4,15.225,81.0,2.27375,3.45,1.0,84.41666666666667
2025-06-27,19.0,12.1,18.3,15.525,77.25,2.464583333333333,3.61,0.0,75.20833333333333
2025-06-28,23.0,12.4,22.8,17.166666666666668,73.91666666666667,1.4570833333333333,3.14,0.0,49.708333333333336
2025-06-29,26.0,11.6,25.8,19.212500000000002,64.25,3.1191666666666666,3.99,0.0,1.1666666666666667
2025-06-30,31.0,15.2,29.4,22.583333333333332,55.625,2.8562499999999997,4.6,0.0,0.4583333333333333
2025-07-01,30.0,15.4,29.8,22.566666666666666,53.458333333333336,2.433333333333333,4.4,0.0,0.375
2025-07-02,24.0,12.0,23.1,17.8,72.5,2.2399999999999998,3.41,0.0,49.333333333333336
2025-07-03,21.0,12.2,20.7,16.191666666666666,66.16666666666667,1.7750000000000001,3.42,0.0,65.33333333333333
2025-07-04,23.0,11.4,22.9,17.341666666666665,62.0,2.34125,3.55,0.0,33.916666666666664
2025-07-05,23.0,11.7,23.3,17.295833333333334,64.58333333333333,2.084166666666667,3.54,0.0,28.166666666666668
2025-07-06,26.0,12.7,25.8,19.054166666666667,56.125,3.0283333333333338,4.46,0.0,5.125
2025-07-07,29.0,13.7,28.4,21.295833333333334,56.416666666666664,2.4633333333333334,3.62,0.0,2.5416666666666665
2025-07-08,29.0,14.4,29.0,21.491666666666664,57.916666666666664,1.6449999999999998,3.11,0.0,1.25
2025-07-09,22.0,15.0,21.5,18.1125,79.95833333333333,3.5345833333333334,5.5,0.0,80.5
2025-07-10,22.0,14.1,21.9,17.308333333333334,70.70833333333333,2.1774999999999998,3.26,0.0,62.541666666666664
2025-07-11,28.0,13.3,28.5,20.75,59.291666666666664,2.157083333333333,3.61,0.0,0.4583333333333333
2025-07-12,28.0,16.4,27.8,22.162499999999998,62.75,3.065,4.8,0.0,10.625
2025-07-13,32.0,16.7,30.8,23.724999999999998,58.708333333333336,2.6962500000000005,4.36,0.0,1.9166666666666667
2025-07-14,26.0,16.6,24.5,20.816666666666666,67.79166666666667,2.4541666666666666,4.64,0.0,31.0
2025-07-15,31.0,13.5,30.5,22.40416666666667,58.125,2.50125,4.3,0.0,1.0833333333333333
2025-07-16,33.0,18.2,33.8,25.78333333333333,42.75,1.9100000000000001,3.54,0.0,0.4583333333333333
2025-07-17,29.0,13.5,28.9,21.070833333333333,65.45833333333333,2.0733333333333333,2.95,0.0,23.166666666666668
2025-07-18,21.0,14.6,20.7,17.662499999999998,75.33333333333333,3.0454166666666667,4.04,0.0,44.0
2025-07-19,21.0,12.9,21.0,16.05,71.91666666666667,2.169166666666667,2.92,0.0,58.708333333333336
2025-07-20,18.0,10.6,18.7,14.908333333333333,75.75,1.56375,2.73,0.0,67.54166666666667
2025-07-21,24.0,11.7,24.7,17.791666666666668,70.5,1.9570833333333333,3.45,0.0,35.125
2025-07-22,25.0,13.4,24.9,18.349999999999998,73.33333333333333,2.098333333333333,3.14,0.0,54.291666666666664
2025-07-23,28.0,13.3,28.2,20.2375,68.95833333333333,1.8216666666666665,2.6,0.0,15.5
2025-07-24,23.0,13.4,23.8,17.816666666666666,77.83333333333333,2.6941666666666664,3.85,0.0,31.583333333333332
2025-07-25,21.0,12.5,21.7,15.775,79.66666666666667,2.0675,3.19,0.0,63.541666666666664
2025-07-26,21.0,11.0,20.9,15.583333333333334,75.16666666666667,1.6054166666666667,2.56,0.0,56.083333333333336
2025-07-27,24.0,11.8,24.3,17.599999999999998,66.75,1.6266666666666667,2.32,0.0,28.416666666666668
2025-07-28,27.0,11.3,27.4,18.995833333333334,60.75,1.6345833333333335,2.62,0.0,1.2916666666666667
2025-07-29,29.0,12.6,28.6,20.8875,51.625,2.3358333333333334,3.55,0.0,0.08333333333333333
2025-07-30,28.0,14.0,28.6,21.925,52.458333333333336,1.9966666666666668,3.61,0.0,33.291666666666664
2025-07-31,26.0,16.3,26.6,21.491666666666664,64.66666666666667,1.7958333333333334,2.86,0.0,55.791666666666664
2025-08-01,24.0,13.8,24.5,19.208333333333332,72.25,2.0883333333333334,3.16,0.0,30.083333333333332
2025-08-02,22.0,13.6,22.2,17.420833333333334,80.875,1.7154166666666668,3.3,0.0,48.875
2025-08-03,21.0,12.7,20.7,16.625,76.875,1.7670833333333336,3.47,0.0,79.04166666666667
2025-08-04,21.0,13.4,20.9,17.008333333333333,75.5,2.3325,3.83,0.0,69.33333333333333
2025-08-05,25.0,13.7,24.8,18.6125,69.91666666666667,2.4066666666666667,3.55,0.0,62.833333333333336
2025-08-06,22.0,15.7,21.6,17.775000000000002,82.58333333333333,3.2679166666666664,4.58,0.8,80.125
2025-08-07,21.0,13.9,20.4,16.775000000000002,71.66666666666667,2.025,3.68,0.2,68.33333333333333
2025-08-08,24.0,11.4,24.3,18.004166666666666,64.625,2.3008333333333333,3.61,0.0,18.416666666666668
2025-08-09,27.0,13.7,26.5,20.008333333333333,61.666666666666664,2.5220833333333332,4.32,0.0,26.125
2025-08-10,31.0,16.0,31.9,23.420833333333334,57.875,2.4425,4.37,0.0,2.125
2025-08-11,30.0,20.2,29.6,24.645833333333332,56.291666666666664,2.935416666666667,5.02,0.0,0.9583333333333334
2025-08-12,33.0,18.1,32.9,25.833333333333332,50.75,2.231666666666667,3.81,0.0,0.75
2025-08-13,26.0,16.6,26.1,20.320833333333336,72.79166666666667,2.5933333333333333,4.11,0.0,42.541666666666664
2025-08-14,24.0,15.4,23.2,18.275000000000002,73.95833333333333,2.7899999999999996,4.19,0.0,73.5
2025-08-15,20.0,16.0,20.2,17.7625,92.83333333333333,3.5179166666666664,4.64,16.7,100.0
2025-08-16,23.0,15.2,21.8,18.254166666666666,81.625,3.7466666666666666,4.6,1.4000000000000001,60.333333333333336
2025-08-17,23.0,14.7,22.8,18.504166666666666,72.875,1.9275,2.73,0.0,48.583333333333336
2025-08-18,23.0,14.7,23.0,18.591666666666665,65.66666666666667,1.76625,3.36,0.0,72.70833333333333
2025-08-19,24.0,14.3,23.3,18.729166666666668,68.95833333333333,2.0187500000000003,3.2,0.0,44.083333333333336
2025-08-20,24.0,15.6,23.6,18.825,62.416666666666664,2.8504166666666664,3.52,0.0,50.208333333333336
2025-08-21,26.0,12.1,24.6,18.329166666666666,61.125,2.865,3.83,0.0,3.5416666666666665
2025-08-22,31.0,14.8,30.1,21.837500000000002,55.916666666666664,3.311666666666667,4.12,0.0,0.875
2025-08-23,32.0,16.7,31.6,23.958333333333332,48.208333333333336,2.6929166666666666,3.53,0.0,8.458333333333334
2025-08-24,32.0,17.3,32.1,24.775000000000002,44.916666666666664,1.3954166666666667,2.42,0.0,7.666666666666667
2025-08-25,32.0,16.8,32.1,24.245833333333334,51.208333333333336,1.4804166666666667,3.4,0.0,21.0
2025-08-26,31.0,16.8,29.9,23.537499999999998,57.666666666666664,1.5941666666666665,3.28,0.0,25.25
2025-08-27,24.0,17.2,23.7,19.991666666666667,73.16666666666667,2.0883333333333334,3.14,0.1,79.16666666666667
2025-08-28,27.0,16.8,27.1,21.379166666666666,74.08333333333333,1.41625,2.61,0.0,51.458333333333336
2025-08-29,22.0,15.9,23.0,19.083333333333332,82.91666666666667,1.5737500000000002,2.59,0.0,75.91666666666667
2025-08-30,21.0,13.5,21.0,17.0625,85.5,1.24875,2.14,0.0,65.25
2025-08-31,24.0,13.1,24.0,18.037499999999998,78.79166666666667,1.4329166666666666,2.57,0.0,29.625
2025-09-01,21.0,14.9,21.1,17.375,83.0,1.4870833333333333,2.91,0.0,72.54166666666667
2025-09-02,26.0,14.5,25.1,18.8,78.16666666666667,2.2329166666666667,3.76,0.0,53.541666666666664
2025-09-03,28.0,14.7,28.1,21.150000000000002,70.33333333333333,1.87,3.61,0.0,12.208333333333334
2025-09-04,26.0,15.4,25.5,19.945833333333333,77.125,1.6716666666666666,3.31,0.0,31.5
2025-09-05,24.0,13.4,25.1,19.029166666666665,77.41666666666667,1.16375,2.5,0.0,33.083333333333336
2025-09-06,22.0,14.9,22.8,17.720833333333335,86.95833333333333,2.03125,3.8,0.5,81.75
2025-09-07,21.0,14.9,21.0,17.224999999999998,85.875,1.8675,2.86,1.2000000000000002,79.41666666666667
2025-09-08,23.0,14.0,23.1,18.358333333333334,73.33333333333333,1.4420833333333334,2.61,0.0,71.66666666666667
2025-09-09,21.0,13.6,21.2,17.170833333333334,77.08333333333333,1.6433333333333333,3.26,0.0,44.708333333333336
2025-09-10,24.0,12.7,23.8,17.925,72.79166666666667,1.7541666666666667,2.81,0.0,14.541666666666666
2025-09-11,19.0,12.6,19.7,15.679166666666667,86.16666666666667,1.8575,3.44,0.0,80.20833333333333
2025-09-12,22.0,13.9,21.1,16.875,78.20833333333333,1.12375,1.89,0.0,80.41666666666667
2025-09-13,24.0,13.5,23.7,18.025000000000002,72.83333333333333,1.8862500000000002,3.41,0.0,23.375
2025-09-14,20.0,14.8,18.3,16.391666666666666,73.66666666666667,3.9149999999999996,6.44,0.0,92.25
2025-09-15,21.0,9.9,20.3,15.454166666666666,71.0,2.0966666666666667,3.6,0.0,32.083333333333336
2025-09-16,32.0,13.2,32.3,21.537499999999998,55.791666666666664,2.8054166666666664,4.34,0.0,2.0
2025-09-17,25.0,14.6,25.1,19.845833333333335,62.25,2.4833333333333334,4.77,0.0,2.5
2025-09-18,22.0,11.6,21.4,16.329166666666666,72.125,2.6029166666666668,4.32,0.0,12.583333333333334
2025-09-19,24.0,9.8,23.1,16.345833333333335,65.25,1.6079166666666669,2.75,0.0,0.3333333333333333
2025-09-20,23.0,10.6,22.7,16.125,71.70833333333333,2.3562499999999997,4.53,0.0,15.166666666666666
2025-09-21,19.0,13.5,18.6,15.558333333333332,79.29166666666667,2.5483333333333333,4.4,6.3999999999999995,89.0
2025-09-22,21.0,9.8,21.3,15.25,72.625,1.445,2.8,0.0,10.875
2025-09-23,24.0,11.1,23.0,16.675,67.875,2.1704166666666667,3.2,0.0,12.458333333333334
2025-09-24,22.0,11.7,22.0,16.708333333333332,67.79166666666667,2.0225,3.18,0.0,1.4166666666666667
2025-09-25,17.0,9.8,17.4,13.741666666666667,73.41666666666667,1.5454166666666669,2.58,0.0,23.083333333333332
2025-09-26,21.0,9.1,20.1,14.458333333333334,72.29166666666667,2.1370833333333334,3.0,0.0,38.583333333333336
2025-09-27,23.0,13.2,23.2,17.354166666666668,62.75,1.44125,3.51,0.0,57.125
2025-09-28,21.0,11.4,21.0,15.924999999999999,77.5,2.1304166666666666,4.17,0.0,51.75
2025-09-29,17.0,13.9,17.3,15.233333333333334,84.66666666666667,1.8816666666666666,2.83,3.4,86.79166666666667
2025-09-30,21.0,10.6,19.9,14.720833333333333,75.125,2.2129166666666666,4.53,0.3,47.041666666666664
2025-10-01,19.0,12.1,18.0,14.225,81.70833333333333,3.0995833333333334,5.98,4.3,50.791666666666664
2025-10-02,19.0,11.8,19.7,15.133333333333333,65.83333333333333,2.1079166666666667,3.4,0.0,46.583333333333336
2025-10-03,17.0,9.0,17.3,13.129166666666668,79.58333333333333,1.28,1.88,0.0,53.291666666666664
2025-10-04,17.0,11.3,17.0,14.129166666666668,80.375,1.675,3.1,0.0,81.375
2025-10-05,17.0,10.2,17.3,13.120833333333332,72.125,2.379166666666667,3.18,0.0,47.5
2025-10-06,21.0,7.1,20.0,13.158333333333333,65.04166666666667,2.1091666666666664,3.71,0.0,1.4166666666666667
2025-10-07,23.0,7.7,23.5,14.7125,62.375,1.5033333333333332,2.55,0.0,1.9166666666666667
2025-10-08,16.0,9.1,15.9,12.341666666666667,69.33333333333333,2.11125,3.77,0.0,53.125
2025-10-09,17.0,9.8,16.8,12.3375,80.54166666666667,1.6141666666666667,3.64,0.30000000000000004,86.375
2025-10-10,16.0,10.0,16.0,12.1625,86.04166666666667,1.6558333333333335,3.54,0.4,90.41666666666667
2025-10-11,14.0,9.6,12.7,10.987499999999999,87.79166666666667,3.0050000000000003,4.83,0.1,88.29166666666667
2025-10-12,13.0,6.7,11.7,9.641666666666667,81.04166666666667,3.4720833333333334,5.41,3.1,95.625
2025-10-13,14.0,5.6,13.7,9.012500000000001,69.625,3.475,6.32,0.0,22.583333333333332
2025-10-14,15.0,4.4,14.7,8.995833333333334,65.16666666666667,3.0370833333333334,4.31,0.0,0.0
2025-10-15,16.0,2.6,15.5,9.058333333333334,61.0,1.28125,2.86,0.0,9.375
2025-10-16,14.0,2.9,14.2,9.179166666666665,72.25,1.90125,2.98,0.0,31.166666666666668
2025-10-17,15.0,9.2,15.0,11.8375,75.5,2.2275,4.24,0.3,72.625
2025-10-18,12.0,6.1,11.4,9.016666666666667,82.66666666666667,1.7562499999999999,3.35,3.4000000000000004,83.08333333333333
2025-10-19,15.0,8.9,13.3,10.741666666666667,83.75,4.785833333333334,7.23,7.7,83.83333333333333
2025-10-20,14.0,8.8,13.8,10.779166666666667,82.08333333333333,2.04,3.34,0.0,75.79166666666667
2025-10-21,16.0,5.8,15.5,9.829166666666667,78.20833333333333,1.4745833333333334,2.14,0.0,38.916666666666664
2025-10-22,17.0,7.2,15.4,10.637500000000001,83.20833333333333,2.52625,5.26,0.0,58.0
2025-10-23,16.0,10.8,15.5,12.779166666666667,79.875,2.03625,3.5,0.0,81.91666666666667
2025-10-24,14.0,8.0,13.4,10.674999999999999,86.20833333333333,3.2754166666666666,5.63,21.1,89.29166666666667
2025-10-25,13.0,5.9,11.7,8.174999999999999,82.875,3.9370833333333333,10.69,4.3,84.125
2025-10-26,10.0,6.4,9.0,7.3625,89.70833333333333,3.2733333333333334,8.23,5.0,98.25
2025-10-27,12.0,5.4,11.1,7.4750000000000005,84.625,2.1374999999999997,3.16,0.0,53.416666666666664
2025-10-28,13.0,4.0,11.0,7.708333333333333,79.20833333333333,1.4395833333333332,5.82,2.6,83.70833333333333
2025-10-29,14.0,7.4,13.5,10.579166666666667,81.54166666666667,2.995416666666667,5.39,2.5,29.208333333333332
2025-10-30,11.0,4.9,9.9,6.933333333333334,87.375,2.5775,4.92,0.0,61.666666666666664
2025-10-31,13.0,4.4,11.7,8.345833333333333,84.83333333333333,1.9345833333333333,3.19,9.3,91.95833333333333
2025-11-01,16.0,8.8,15.1,11.854166666666666,86.25,4.250416666666667,7.24,29.4,77.58333333333333
2025-11-02,13.0,6.9,11.8,8.82,79.2,2.2384,4.25,0.0,57.92
2025-11-03,9.0,6.2,9.1,7.116666666666667,85.625,2.32875,4.65,0.9,93.66666666666667
2025-11-04,13.0,4.6,12.2,8.583333333333334,79.45833333333333,1.93,3.9,0.2,70.41666666666667
2025-11-05,15.0,10.4,13.2,11.5375,79.5,4.128333333333333,6.07,14.6,98.04166666666667
2025-11-06,13.0,8.7,12.4,10.495833333333334,87.45833333333333,4.5,6.71,6.2,92.41666666666667
2025-11-07,12.0,6.0,11.4,8.5375,83.83333333333333,3.14625,6.2,0.0,30.041666666666668
2025-11-08,14.0,3.6,12.2,8.083333333333334,75.0,1.5791666666666666,2.42,0.0,27.083333333333332
2025-11-09,17.0,5.8,15.3,11.1625,63.375,2.2841666666666667,3.7,0.0,52.541666666666664
2025-11-10,15.0,9.6,14.1,11.883333333333333,83.33333333333333,2.6954166666666666,4.34,1.1,82.95833333333333
2025-11-11,12.0,6.0,11.5,8.341666666666667,82.125,1.285,2.24,0.0,57.041666666666664
2025-11-12,13.0,6.4,12.2,9.4625,84.41666666666667,1.22875,2.3,1.6,88.625
2025-11-13,14.0,10.9,12.9,11.891666666666666,90.95833333333333,2.845416666666667,4.9,14.200000000000001,98.5
2025-11-14,12.0,8.5,11.3,9.641666666666667,94.33333333333333,2.4795833333333333,3.86,23.6,97.29166666666667
2025-11-15,14.0,10.6,12.9,11.783333333333333,90.95833333333333,2.92375,5.37,0.8,85.66666666666667
2025-11-16,12.0,10.5,12.2,11.35,94.29166666666667,1.6216666666666668,3.01,0.1,95.20833333333333
2025-11-17,11.0,5.9,11.5,7.870833333333334,93.45833333333333,1.9429166666666668,3.69,3.3,91.79166666666667
2025-11-18,9.0,4.0,8.2,5.95,89.45833333333333,1.6125,2.4,0.0,65.25
2025-11-19,11.0,3.6,9.8,6.479166666666667,79.04166666666667,2.1062499999999997,3.41,0.0,81.20833333333333
2025-11-20,12.0,5.9,11.2,8.137500000000001,79.91666666666667,1.6279166666666667,2.6,1.0,55.583333333333336
2025-11-21,12.0,4.1,10.5,7.5249999999999995,82.04166666666667,2.1283333333333334,3.35,0.0,72.95833333333333
2025-11-22,12.0,8.8,10.5,9.625,82.83333333333333,2.6433333333333335,3.85,0.0,97.54166666666667
2025-11-23,11.0,5.6,9.9,8.320833333333335,90.58333333333333,2.2312499999999997,4.46,5.800000000000001,98.16666666666667
2025-11-24,8.0,3.4,7.6,5.591666666666666,88.08333333333333,2.021666666666667,4.22,0.0,72.66666666666667
2025-11-25,7.0,3.4,6.4,5.095833333333333,91.45833333333333,1.1795833333333332,2.41,7.7,99.33333333333333
2025-11-26,9.0,5.7,9.1,7.483333333333333,94.58333333333333,1.7166666666666668,3.36,0.5,99.79166666666667
2025-11-27,11.0,7.0,9.3,8.045833333333333,91.0,1.6875,3.14,12.1,99.875
2025-11-28,10.0,4.9,9.8,7.291666666666667,88.04166666666667,2.4458333333333333,4.2,0.2,65.875
2025-11-29,7.0,2.4,6.9,4.6375,82.91666666666667,1.5429166666666667,2.91,0.0,77.54166666666667
2025-11-30,8.0,0.0,6.7,2.525,80.45833333333333,1.13375,2.44,0.0,22.208333333333332
2025-12-01,7.0,0.5,6.8,3.641666666666666,81.83333333333333,0.9825,1.8,0.0,67.625
2025-12-02,9.0,5.1,7.6,6.0625,89.75,1.4316666666666666,2.69,0.1,96.125
2025-12-03,8.0,4.6,7.4,5.804166666666667,85.95833333333333,0.91125,1.81,0.0,87.95833333333333
2025-12-04,7.0,4.7,6.9,5.916666666666667,94.66666666666667,1.5854166666666665,3.23,7.1,99.79166666666667
2025-12-05,13.0,6.9,11.6,8.966666666666667,92.08333333333333,4.31625,8.02,2.1,99.70833333333333
2025-12-06,11.0,8.1,10.1,8.8375,85.75,5.367083333333333,8.5,0.0,79.45833333333333
2025-12-07,12.0,8.0,11.6,9.25,91.16666666666667,3.56125,6.37,9.1,96.125
2025-12-08,13.0,8.1,12.6,10.483333333333333,91.95833333333333,5.025833333333334,8.18,42.9,99.875
2025-12-09,12.0,7.8,9.9,8.670833333333333,88.33333333333333,2.481666666666667,5.55,5.5,95.70833333333333
2025-12-10,14.0,10.9,13.2,12.5,93.41666666666667,7.01625,9.43,48.6,100.0
2025-12-11,13.0,7.0,12.8,8.725,90.54166666666667,2.32375,6.58,11.6,100.0
2025-12-12,12.0,7.3,11.6,9.6,95.375,1.40625,2.92,0.0,97.0
2025-12-13,11.0,7.1,11.0,8.845833333333333,88.79166666666667,1.3320833333333333,2.82,0.0,77.41666666666667
2025-12-14,12.0,8.2,10.9,9.370833333333334,85.29166666666667,2.04625,3.61,2.5,92.58333333333333
2025-12-15,14.0,8.3,13.4,10.929166666666667,88.75,4.2195833333333335,7.79,26.1,95.79166666666667
2025-12-16,13.0,8.4,11.7,9.916666666666666,89.41666666666667,4.274166666666667,7.78,20.5,99.75
2025-12-17,11.0,5.1,10.7,6.5625,81.45833333333333,4.997083333333333,10.18,6.9,86.875
2025-12-18,10.0,4.9,9.8,6.558333333333334,87.83333333333333,3.6199999999999997,6.88,8.6,95.29166666666667
2025-12-19,6.0,2.9,5.2,4.108333333333333,86.75,3.84375,5.52,0.30000000000000004,80.125
2025-12-20,7.0,4.1,6.3,5.283333333333333,89.33333333333333,4.2179166666666665,6.05,9.1,97.58333333333333
2025-12-21,8.0,5.1,8.1,6.1875,83.70833333333333,2.7395833333333335,3.73,3.0,89.33333333333333
2025-12-22,11.0,3.4,8.5,5.3500000000000005,81.83333333333333,3.7716666666666665,6.6,2.4,62.833333333333336
2025-12-23,7.0,1.5,6.4,3.9583333333333335,85.08333333333333,1.7375,3.04,0.0,69.58333333333333
2025-12-24,8.0,2.5,7.0,4.641666666666667,88.70833333333333,3.43875,5.48,1.9,69.20833333333333
2025-12-25,6.0,2.5,4.9,3.6999999999999997,90.08333333333333,2.945,5.28,4.0,77.83333333333333
2025-12-26,7.0,2.4,5.6,3.795833333333333,85.20833333333333,3.401666666666667,6.16,0.1,68.95833333333333
2025-12-27,5.0,0.7,4.5,2.25,82.75,1.0295833333333333,2.47,0.0,65.625
2025-12-28,5.0,-0.5,4.4,1.7249999999999999,84.41666666666667,0.915,1.57,0.0,42.541666666666664
2025-12-29,6.0,0.3,5.3,2.495833333333333,84.375,1.9558333333333333,2.72,0.0,63.375
2025-12-30,9.0,0.7,7.5,3.279166666666667,84.125,1.54375,3.02,0.0,55.916666666666664
2025-12-31,4.0,0.7,4.3,1.9291666666666665,95.20833333333333,0.7954166666666667,1.84,0.0,97.45833333333333
2026-01-01,6.0,0.8,4.8,2.983333333333333,96.54166666666667,0.7804166666666666,1.75,0.9,99.75
2026-01-02,9.0,4.5,8.0,6.379166666666666,93.08333333333333,0.9641666666666667,2.55,5.1,99.875
2026-01-03,12.0,6.3,11.6,8.4,86.33333333333333,1.9933333333333334,3.62,9.0,85.08333333333333
2026-01-04,9.0,4.9,8.5,7.154166666666666,88.95833333333333,2.8925,4.92,6.3,89.54166666666667
2026-01-05,6.0,2.9,5.9,4.704166666666667,92.04166666666667,1.6291666666666667,2.66,2.2,84.79166666666667
2026-01-06,7.0,3.0,6.2,4.770833333333333,87.54166666666667,4.6120833333333335,6.26,11.2,99.75
2026-01-07,6.0,3.5,4.9,4.016666666666667,87.91666666666667,3.895,5.15,2.1,99.41666666666667
2026-01-08,7.0,1.2,5.9,4.2625,88.95833333333333,3.00375,4.55,0.2,87.20833333333333
2026-01-09,11.0,4.9,9.9,6.7,80.20833333333333,1.7975,3.85,0.0,92.0
2026-01-10,9.0,2.4,8.1,5.416666666666667,79.45833333333333,1.6449999999999998,3.05,2.5,92.0
2026-01-11,10.0,5.4,8.7,6.833333333333333,90.79166666666667,1.2704166666666665,3.34,9.0,99.66666666666667
2026-01-12,12.0,8.1,10.5,9.424999999999999,86.41666666666667,3.5625,4.95,2.7,99.875
2026-01-13,14.0,10.7,13.6,11.679166666666667,91.625,1.6941666666666668,4.88,0.0,97.5
2026-01-14,11.0,7.6,10.6,9.1625,92.41666666666667,1.2566666666666666,2.66,0.0,100.0
2026-01-15,9.0,5.7,9.0,7.825,90.04166666666667,3.5904166666666666,5.1,0.0,92.91666666666667
2026-01-16,11.0,3.7,9.5,5.9624999999999995,83.75,4.1450000000000005,5.06,0.0,37.041666666666664
2026-01-17,12.0,2.2,10.2,5.241666666666666,77.95833333333333,2.4966666666666666,3.23,0.0,1.0833333333333333
2026-01-18,9.0,0.0,8.5,3.9458333333333333,81.04166666666667,1.8333333333333333,2.88,0.0,22.0
2026-01-19,9.0,0.2,8.3,3.3000000000000003,81.83333333333333,1.3595833333333334,2.35,0.0,17.333333333333332
2026-01-20,10.0,-0.5,8.3,3.0416666666666665,81.29166666666667,1.7504166666666665,4.16,0.0,46.333333333333336
2026-01-21,7.0,-0.6,6.2,1.9916666666666665,84.125,0.8612500000000001,1.71,0.0,35.25
2026-01-22,4.0,-0.8,4.2,1.5875000000000001,87.125,1.0291666666666666,1.71,0.0,81.04166666666667
2026-01-23,7.0,-0.3,6.2,1.9708333333333332,73.125,2.370833333333333,3.94,0.0,9.291666666666666
2026-01-24,7.0,-3.3,5.9,0.7000000000000001,69.875,1.1945833333333333,2.28,0.0,14.583333333333334
2026-01-25,7.0,-4.2,5.7,-0.020833333333333297,73.16666666666667,0.8295833333333333,1.71,0.0,13.958333333333334
2026-01-26,8.0,-1.8,6.6,2.1416666666666666,63.125,1.0720833333333333,2.11,0.0,49.791666666666664
2026-01-27,10.0,1.8,9.6,5.45,64.08333333333333,1.62375,3.64,0.3,96.33333333333333
2026-01-28,11.0,5.4,9.0,7.666666666666667,84.33333333333333,2.39125,3.65,3.0,94.54166666666667
2026-01-29,11.0,8.3,9.5,8.779166666666667,86.33333333333333,2.13375,4.0,9.4,99.83333333333333
2026-01-30,12.0,7.0,10.6,8.779166666666667,84.66666666666667,1.97375,4.08,6.3,92.54166666666667
2026-01-31,14.0,7.6,12.8,9.737499999999999,83.54166666666667,0.8975,2.04,0.3,74.125
2026-02-01,11.0,7.0,10.6,8.445833333333333,88.20833333333333,3.0124999999999997,4.75,6.5,91.83333333333333
2026-02-02,12.0,6.2,10.3,8.295833333333333,87.79166666666667,2.3233333333333333,4.06,5.1000000000000005,93.95833333333333
2026-02-03,12.0,7.6,11.7,9.645833333333334,88.25,1.1533333333333333,2.53,0.0,82.45833333333333
2026-02-04,16.0,7.2,14.9,10.691666666666668,79.29166666666667,1.3904166666666669,2.72,0.0,67.125
2026-02-05,13.0,5.3,13.1,8.4375,81.0,2.245,3.59,0.0,11.458333333333334
2026-02-06,14.0,3.6,12.9,8.262500000000001,69.375,1.9791666666666667,2.69,0.0,27.083333333333332
2026-02-07,11.0,6.4,10.2,8.516666666666667,85.625,3.089166666666667,5.0,14.1,91.83333333333333
2026-02-08,9.0,5.0,9.1,6.970833333333334,92.875,1.51,3.75,0.0,95.5
2026-02-09,10.0,4.5,9.1,6.416666666666667,89.33333333333333,3.05625,4.92,0.5,73.125
2026-02-10,12.0,2.9,11.2,6.470833333333334,78.375,2.0479166666666666,3.81,0.0,9.5
2026-02-11,11.0,2.6,10.1,5.716666666666666,84.75,2.47625,3.86,0.0,27.541666666666668
2026-02-12,11.0,1.4,10.8,5.295833333333333,81.16666666666667,1.5145833333333334,2.95,0.0,61.875
2026-02-13,8.0,4.6,8.2,6.283333333333334,89.75,2.4895833333333335,3.52,2.8,96.70833333333333
2026-02-14,9.0,3.6,8.2,5.191666666666666,84.54166666666667,2.17125,3.1,0.0,70.79166666666667
2026-02-15,8.0,1.4,7.7,3.9291666666666667,77.70833333333333,2.1620833333333334,3.58,0.0,21.875
2026-02-16,6.0,0.0,5.1,2.0,88.91666666666667,2.19375,4.88,1.2,63.291666666666664
2026-02-17,8.0,0.3,6.7,2.7541666666666664,84.0,1.4024999999999999,2.77,2.7,79.0
2026-02-18,5.0,0.3,5.2,2.3583333333333334,91.41666666666667,1.6283333333333332,2.82,0.7,73.75
2026-02-19,5.0,-0.3,4.0,1.6166666666666665,75.83333333333333,2.555,4.2,0.0,77.58333333333333
2026-02-20,6.0,-2.3,5.0,1.6833333333333333,75.08333333333333,0.8608333333333333,1.91,0.0,78.125
2026-02-21,9.0,2.1,5.7,4.2625,68.33333333333333,2.19625,3.36,3.0,84.45833333333333
2026-02-22,11.0,5.7,10.1,7.520833333333333,74.45833333333333,2.2600000000000002,3.85,3.7,98.45833333333333
2026-02-23,9.0,4.7,8.4,6.375,83.41666666666667,2.8204166666666666,5.29,7.5,98.75
2026-02-24,8.0,1.6,8.1,4.6375,79.75,2.1708333333333334,3.64,0.0,57.125
2026-02-25,11.0,0.5,9.3,4.325,79.625,2.72875,4.7,0.0,41.333333333333336
2026-02-26,12.0,4.2,10.4,6.7250000000000005,73.04166666666667,4.929583333333333,6.6,0.0,82.41666666666667
2026-02-27,11.0,4.9,10.0,7.229166666666667,76.625,3.1687499999999997,4.35,0.0,91.83333333333333
2026-02-28,11.0,3.7,10.3,6.2,81.70833333333333,2.690416666666667,4.68,0.0,37.541666666666664
2026-03-01,13.0,2.0,12.2,6.254166666666666,78.04166666666667,2.5154166666666664,3.99,0.0,5.0
2026-03-02,14.0,0.5,13.2,7.095833333333334,76.41666666666667,1.30875,2.28,0.0,23.833333333333332
2026-03-03,12.0,7.3,11.3,9.266666666666667,88.91666666666667,2.540833333333333,4.22,0.1,96.79166666666667
2026-03-04,11.0,7.9,9.8,8.620833333333334,90.58333333333333,2.2345833333333336,4.76,15.399999999999999,98.91666666666667
2026-03-05,11.0,5.9,10.2,7.625,84.66666666666667,2.0091666666666668,3.98,0.1,91.375
2026-03-06,10.0,6.1,9.4,7.870833333333334,91.70833333333333,3.7608333333333337,5.05,5.6000000000000005,100.0
2026-03-07,12.0,8.9,11.6,9.891666666666667,88.16666666666667,4.632083333333333,5.64,0.0,100.0
2026-03-08,10.0,4.0,10.1,7.730434782608696,82.17391304347827,4.537826086956522,7.13,0.8999999999999999,87.26086956521739
2026-03-09,7.0,1.6,5.6,3.591666666666667,83.95833333333333,3.1079166666666667,5.52,0.1,92.45833333333333
2026-03-10,9.0,0.3,7.7,3.5625,81.875,3.385,5.02,0.1,87.66666666666667
2026-03-11,11.0,3.7,10.4,6.370833333333334,91.20833333333333,5.00125,9.83,18.9,99.0
2026-03-12,8.0,2.2,8.7,5.291666666666667,84.70833333333333,4.49,7.0,3.7,99.70833333333333
2026-03-13,2.0,0.0,1.5,0.5708333333333334,97.54166666666667,0.6741666666666667,1.4,19.8,100.0
2026-03-14,7.0,0.1,6.9,2.766666666666667,86.16666666666667,1.30375,2.46,1.7999999999999998,76.625
2026-03-15,9.0,0.8,8.1,4.145833333333333,73.95833333333333,1.2279166666666665,3.14,0.8,81.58333333333333
2026-03-16,13.0,5.0,11.9,8.270833333333334,88.75,2.495833333333333,3.77,0.7,98.625
2026-03-17,12.0,8.8,11.5,9.966666666666667,90.66666666666667,3.532916666666667,5.11,10.5,99.91666666666667
2026-03-18,13.0,9.8,13.3,11.137500000000001,91.625,3.609583333333333,5.33,3.8,100.0
2026-03-19,12.0,9.2,11.7,10.387500000000001,93.79166666666667,2.4879166666666666,4.03,4.9,100.0
2026-03-20,14.0,7.1,13.5,11.208333333333334,88.0,3.5500000000000003,5.38,5.4,81.66666666666667
2026-03-21,11.0,4.5,10.0,6.954166666666667,74.375,2.214166666666667,3.64,0.0,71.25
2026-03-22,11.0,1.6,10.0,5.425,74.875,2.3691666666666666,4.0,0.0,53.625
2026-03-23,10.0,1.0,9.3,5.308333333333334,74.04166666666667,1.5599999999999998,2.37,0.0,70.45833333333333
2026-03-24,12.0,5.6,11.1,7.4875,87.08333333333333,3.1929166666666666,7.96,16.6,91.58333333333333
2026-03-25,11.0,3.6,9.9,6.5125,81.625,3.734583333333333,7.07,0.7,63.791666666666664
2026-03-26,11.0,1.2,10.9,5.7124999999999995,67.0,1.7720833333333335,2.55,0.0,15.166666666666666
2026-03-27,14.0,1.4,13.3,7.004166666666666,63.583333333333336,2.25,3.21,0.0,76.41666666666667
2026-03-28,13.0,4.2,13.1,8.066666666666666,69.66666666666667,1.8433333333333335,3.2,0.0,71.70833333333333
2026-03-29,8.0,3.3,7.9,5.041666666666667,81.79166666666667,1.7925000000000002,4.87,6.0,84.125
2026-03-30,10.0,0.0,9.2,4.133333333333334,78.20833333333333,2.160416666666667,3.95,0.0,33.875
2026-03-31,13.0,1.9,13.4,5.835294117647059,69.47058823529412,1.8023529411764707,3.07,0.0,58.94117647058823
